id,discipline_class_id,day_of_week,start_time,end_time,class_type,created_at
7406223e-3914-49a7-a4e5-76c74e386790,c0e84d46-95df-4136-aae2-f192b66846bc,SEG,13:30:00,15:10:00,T,2024-10-08 01:45:37.218110
640acae3-3b16-488e-87f0-65e429ef023b,00badcdc-d8c5-4dd9-8d51-3cb8172276e8,SEX,19:00:00,20:40:00,T,2024-10-08 01:45:37.218110
675a0f91-93dd-4993-bc99-4e6ba5e56e34,c7bbf0ae-9662-465e-8569-f9f20ba7ac33,SEG,15:20:00,17:00:00,T,2024-10-08 01:45:37.218110
8dacb256-387a-44c9-b72f-240a412ffc5e,e4b28179-5b8c-45df-815e-7e08672bd3ac,QUI,15:20:00,17:00:00,P,2024-10-08 01:45:37.218110
56046dd2-b581-48cb-8926-b60434f5f777,e235bed1-78a9-4d33-b0d2-3296eddc3e95,QUI,15:20:00,17:00:00,P,2024-10-08 01:45:37.218110
063a2dcb-c746-4ef6-b4fe-8a0d783a6523,346ed570-05c4-45b3-8ffe-4eeab34c25cb,TER,19:00:00,20:40:00,P,2024-10-08 01:45:37.218110
aeecb030-4e89-4494-bb27-f0ff45918fb4,0575630c-f7af-41c4-9886-4b3b33255152,TER,19:00:00,20:40:00,P,2024-10-08 01:45:37.218110
21de38ff-9bb5-4430-bf25-5ae3e03bfe3e,e12dab6a-4729-4801-ba65-d7fd15addb61,SEX,15:20:00,17:00:00,P,2024-10-08 01:45:37.218110
14284df3-0109-4883-8df8-60c1c335ed34,7089fbda-a3ed-4c4b-9742-ca010b1653f7,SEX,15:20:00,17:00:00,P,2024-10-08 01:45:37.218110
06abbf8d-ff3e-4666-9631-ff51e4272c6b,020cbea6-7c47-420c-a67e-0fbbc0a6c29c,TER,15:20:00,17:00:00,P,2024-10-08 01:45:37.218110
66d12417-b16e-464d-80fb-d957169c4ee1,1b97b154-cb82-4a98-a69e-2c7cc859c914,TER,21:00:00,22:40:00,T,2024-10-08 01:45:37.218110
22c6ff88-6a46-4234-9b12-8027295762ed,1b97b154-cb82-4a98-a69e-2c7cc859c914,QUI,19:00:00,20:40:00,T,2024-10-08 01:45:37.218110
c7c4b28f-37b8-4800-bd52-d70d985bc79c,afe3b20e-886c-4f8f-8cd6-687569fa77bd,TER,13:30:00,15:10:00,T,2024-10-08 01:45:37.218110
3aa7717c-8431-4ad3-b5f7-451d88f3dfb5,afe3b20e-886c-4f8f-8cd6-687569fa77bd,SEX,13:30:00,15:10:00,T,2024-10-08 01:45:37.218110
a75f853f-e22b-433b-abd2-92f9e70b08d4,6b4313df-0fc9-4569-973e-b17f194b221a,SEG,19:00:00,20:40:00,T,2024-10-08 01:45:37.218110
2c776e22-00ad-447e-ac46-88e0409385f9,6b4313df-0fc9-4569-973e-b17f194b221a,QUI,21:00:00,22:40:00,T,2024-10-08 01:45:37.218110
d3a80775-7506-4a07-a2dd-734856b27dd8,e9da2784-f6c8-4cf2-9873-73821038cb70,TER,15:20:00,17:00:00,T,2024-10-08 01:45:37.218110
84b5c969-53e6-42e6-aa14-08be82886ce2,e9da2784-f6c8-4cf2-9873-73821038cb70,QUI,13:30:00,15:10:00,T,2024-10-08 01:45:37.218110
b4b76614-3d02-479b-af84-24d4ef82e980,1063a893-93d1-4156-b70d-a2b5e26ab594,QUA,15:20:00,17:00:00,T,2024-10-08 01:45:37.218110
c3034840-8e7e-45b5-aab9-4e16050a67f0,1063a893-93d1-4156-b70d-a2b5e26ab594,SEX,15:20:00,17:00:00,T,2024-10-08 01:45:37.218110
1f112855-7340-45cc-b95b-a33650af0357,4ed89082-c08f-4a10-803b-865285efd9b2,QUA,21:00:00,22:40:00,T,2024-10-08 01:45:37.218110
af8f4e8e-dce7-4321-a321-63392e546e23,4ed89082-c08f-4a10-803b-865285efd9b2,SEX,21:00:00,22:40:00,T,2024-10-08 01:45:37.218110
8254192e-1520-48e9-a9d6-7bf62aca0d7c,e6616b27-d697-481d-88fc-8e9cfcc1f186,QUA,13:30:00,15:10:00,T,2024-10-08 01:45:37.218110
60c22aad-a026-4421-a98e-a015ded40eed,e6616b27-d697-481d-88fc-8e9cfcc1f186,SEX,13:30:00,15:10:00,T,2024-10-08 01:45:37.218110
54821158-3144-40e6-b3d0-87e4984d1de8,e68245a6-12a7-48fa-be9c-8626969abbbe,TER,21:00:00,22:40:00,T,2024-10-08 01:45:37.218110
caddfedb-c85c-4254-84c8-b865787def71,e68245a6-12a7-48fa-be9c-8626969abbbe,QUI,19:00:00,20:40:00,T,2024-10-08 01:45:37.218110
6e847bc2-7557-4bd2-aabe-b6956f9d0997,778933ac-91fb-49ea-bdbe-96323acb9b93,QUA,15:20:00,17:00:00,T,2024-10-08 01:45:37.218110
95ad8502-84f0-4ccd-984e-5128df1c5256,778933ac-91fb-49ea-bdbe-96323acb9b93,SEX,13:30:00,15:10:00,T,2024-10-08 01:45:37.218110
59d7d7c4-c926-486b-8800-f9a08d9c89f7,52942c4c-0eeb-4cf7-84e8-dcd2d62721b3,TER,19:00:00,20:40:00,T,2024-10-08 01:45:37.218110
2b6872a2-4b45-47f4-929f-9ae1621e9475,52942c4c-0eeb-4cf7-84e8-dcd2d62721b3,QUI,21:00:00,22:40:00,T,2024-10-08 01:45:37.218110
7b3f8832-9765-4e35-8f4d-472457d06421,d7ea4bbd-5684-4c72-8d69-4218b0ffa7e7,QUA,17:10:00,18:50:00,T,2024-10-08 01:45:37.218110
58d5d6fe-9944-4aaa-9e85-068489458c62,d7ea4bbd-5684-4c72-8d69-4218b0ffa7e7,SEX,17:10:00,18:50:00,T,2024-10-08 01:45:37.218110
7361e38d-6d4d-4df6-bf72-b104eba2bba4,dcf464d0-ee40-46bd-8259-6dd48b2a70e7,QUA,13:30:00,15:10:00,T,2024-10-08 01:45:37.218110
68fb59eb-bc64-4729-a12e-13e11ae917b2,dcf464d0-ee40-46bd-8259-6dd48b2a70e7,SEX,13:30:00,15:10:00,T,2024-10-08 01:45:37.218110
2adb1c47-4099-4039-90fa-63efda3c4fcd,6ba13cc5-625c-47ef-a246-287ceeff0351,TER,19:00:00,20:40:00,T,2024-10-08 01:45:37.218110
13098306-2e5e-4dd8-a298-d820d7d4987d,6ba13cc5-625c-47ef-a246-287ceeff0351,SEX,21:00:00,22:40:00,T,2024-10-08 01:45:37.218110
df54c3ab-544b-4380-b44c-bd43ed2650a3,b612bde7-b6c8-4f6c-b21b-381e81ebc064,TER,15:20:00,17:00:00,T,2024-10-08 01:45:37.218110
18b06c81-9145-4cf1-86e3-d2dd1c9e74fb,b612bde7-b6c8-4f6c-b21b-381e81ebc064,SEX,13:30:00,15:10:00,T,2024-10-08 01:45:37.218110
12f25a4d-e6a5-4f6b-9055-f9ce38ccaef8,f3b81ed6-cb84-4d78-b87b-d73b654837e7,TER,13:30:00,15:10:00,T,2024-10-08 01:45:37.218110
ea498d8c-a8b4-48c4-96d8-eae597ac7395,f3b81ed6-cb84-4d78-b87b-d73b654837e7,SEX,15:20:00,17:00:00,T,2024-10-08 01:45:37.218110
21fddd24-3652-489b-bea4-927e3f1b7180,390fc81d-5380-4164-b38b-9e8da626de9b,TER,19:00:00,20:40:00,T,2024-10-08 01:45:37.218110
aafa7129-3009-4250-9af4-a44135d83d73,390fc81d-5380-4164-b38b-9e8da626de9b,SEX,21:00:00,22:40:00,T,2024-10-08 01:45:37.218110
9c59001e-64b9-4528-9f46-aefd6909ba74,a9994e48-1a86-490c-8fc5-1a30c5495afe,TER,19:00:00,20:40:00,T,2024-10-08 01:45:37.218110
16fc5de2-7e14-4409-beb1-364c8fc3feee,a9994e48-1a86-490c-8fc5-1a30c5495afe,QUI,21:00:00,22:40:00,T,2024-10-08 01:45:37.218110
e46ad408-fcf3-4820-b4e5-ab95f86378cd,e0652f07-fd80-4b01-bd4c-4b40082f4329,TER,13:30:00,15:10:00,T,2024-10-08 01:45:37.218110
b2b03caa-9ce2-4dc3-beaa-d5d364d67da6,e0652f07-fd80-4b01-bd4c-4b40082f4329,SEX,15:20:00,17:00:00,T,2024-10-08 01:45:37.218110
7a79a0c5-03d5-4cdd-8bc1-e0e8ad8c77ea,e45e262c-0cdd-40d8-a332-a4a65ed48847,TER,21:00:00,22:40:00,T,2024-10-08 01:45:37.218110
7fc86136-6bbc-4312-af4e-84363d6ce3e7,e45e262c-0cdd-40d8-a332-a4a65ed48847,SEX,19:00:00,20:40:00,T,2024-10-08 01:45:37.218110
1e5824ed-13d9-4478-86e6-ce3875533ba1,ede40393-649d-4a75-8866-58be57dabb75,SEG,13:30:00,15:10:00,T,2024-10-08 01:45:37.218110
b1c9cb10-7b51-4b1a-a156-529fe896bb62,ede40393-649d-4a75-8866-58be57dabb75,QUI,15:20:00,17:00:00,T,2024-10-08 01:45:37.218110
341792aa-f834-448d-be94-dd857673a232,9adbdf3b-dc5e-4f86-96dd-62fa616fe16c,SEG,19:00:00,20:40:00,T,2024-10-08 01:45:37.218110
493f3e34-7abd-42a5-abbb-45a53c1c4951,9adbdf3b-dc5e-4f86-96dd-62fa616fe16c,QUA,21:00:00,22:40:00,T,2024-10-08 01:45:37.218110
70cbfe07-2b3f-46e3-8dd4-3af18ddcd9d3,48e13d8a-dedb-404f-8368-733c746d70ab,SEG,15:20:00,17:00:00,T,2024-10-08 01:45:37.218110
2aee5390-9b73-478f-83ef-4911bc33a511,48e13d8a-dedb-404f-8368-733c746d70ab,QUI,13:30:00,15:10:00,T,2024-10-08 01:45:37.218110
1e7febdb-f614-4944-91cb-58fdeea28785,2beab680-1394-4087-a86e-9893b489cad0,SEG,15:20:00,17:00:00,T,2024-10-08 01:45:37.218110
fd418905-ae2c-4dea-82e3-ef7401c6080c,2beab680-1394-4087-a86e-9893b489cad0,QUA,13:30:00,15:10:00,T,2024-10-08 01:45:37.218110
104d2527-1555-41ac-95f8-f2300c423ea9,9ad83159-19e1-4ba3-b18a-2e6aad9a624a,SEG,21:00:00,22:40:00,T,2024-10-08 01:45:37.218110
b03377db-5f6d-417c-bce8-30641150f9e3,9ad83159-19e1-4ba3-b18a-2e6aad9a624a,QUI,21:00:00,21:50:00,T,2024-10-08 01:45:37.218110
51de569e-7874-4fbb-aa27-6b4727194be6,9ad83159-19e1-4ba3-b18a-2e6aad9a624a,QUI,21:50:00,22:40:00,P,2024-10-08 01:45:37.218110
d93e5f05-b2d4-4e68-90e9-b922d9704332,24c91eb9-caa8-402c-bd61-cdde1048b1ce,SEG,21:00:00,22:40:00,T,2024-10-08 01:45:37.218110
396a2d42-6a00-421b-91d3-83d652f02067,24c91eb9-caa8-402c-bd61-cdde1048b1ce,QUA,21:00:00,22:40:00,T,2024-10-08 01:45:37.218110
3fd9ae79-4a44-4532-801c-0c196ffee958,aefeeecf-8960-41cc-8be3-55d30a0ffa23,SEG,19:00:00,20:40:00,T,2024-10-08 01:45:37.218110
c267edf9-76ce-41fe-b72b-2958130ef7ef,aefeeecf-8960-41cc-8be3-55d30a0ffa23,QUI,19:00:00,20:40:00,T,2024-10-08 01:45:37.218110
24b26d11-990e-4e28-b904-f315eb2f4122,8a1942e7-acf3-4c17-933b-b70ecbb3abe7,TER,19:00:00,20:40:00,T,2024-10-08 01:45:37.218110
1de827c3-8520-4ba6-8ee3-b6c1d4622344,8a1942e7-acf3-4c17-933b-b70ecbb3abe7,SEX,21:00:00,21:50:00,T,2024-10-08 01:45:37.218110
64184109-3a2d-43bb-b716-687a08a9e6b2,8a1942e7-acf3-4c17-933b-b70ecbb3abe7,SEX,21:50:00,22:40:00,P,2024-10-08 01:45:37.218110
cb5f8dce-429d-4550-99e0-dbcbdfe7884f,fb4fc2f1-e800-4ce4-a5ff-974315ff4703,SEG,13:30:00,15:10:00,T,2024-10-08 01:45:37.218110
49ce0e01-1767-4ad0-a619-92f1f8ef3c61,fb4fc2f1-e800-4ce4-a5ff-974315ff4703,QUI,15:20:00,16:10:00,T,2024-10-08 01:45:37.218110
d8a53c60-6fd2-434b-8c26-f8e1c470d334,fb4fc2f1-e800-4ce4-a5ff-974315ff4703,QUI,16:10:00,17:00:00,P,2024-10-08 01:45:37.218110
cfa50bec-5be7-4775-b6da-df1350f396ab,f380fe34-daa5-4766-80ac-72ecbcc1da16,QUA,19:00:00,20:40:00,T,2024-10-08 01:45:37.218110
6cacf4dd-72ac-4858-b7e1-0aecb64ae1d4,f380fe34-daa5-4766-80ac-72ecbcc1da16,SEX,21:00:00,21:50:00,T,2024-10-08 01:45:37.218110
be732174-7235-4e96-ba97-19a745da231c,f380fe34-daa5-4766-80ac-72ecbcc1da16,SEX,21:50:00,22:40:00,P,2024-10-08 01:45:37.218110
5d01be7d-4a5e-4a8c-9193-eea307c2afc6,aa47d726-e802-4833-9289-7f53e9d9bc02,SEG,15:20:00,17:00:00,T,2024-10-08 01:45:37.218110
678adc23-8f40-4104-bde3-0c0564b7402e,aa47d726-e802-4833-9289-7f53e9d9bc02,QUA,15:20:00,16:10:00,T,2024-10-08 01:45:37.218110
34c86756-3e51-49c9-84b3-569feb247a2d,aa47d726-e802-4833-9289-7f53e9d9bc02,QUA,16:10:00,17:00:00,P,2024-10-08 01:45:37.218110
4eb3e64a-ac64-4eac-804f-aac494df88bc,5d509829-c0aa-4b4d-ae27-f68b7175104c,QUA,19:00:00,20:40:00,T,2024-10-08 01:45:37.218110
a8643b7a-1ab2-4183-9ef8-ce9ad524c0ef,5d509829-c0aa-4b4d-ae27-f68b7175104c,SEX,19:00:00,19:50:00,T,2024-10-08 01:45:37.218110
bb67eb07-d199-4553-bade-7041d042e4b3,5d509829-c0aa-4b4d-ae27-f68b7175104c,SEX,19:50:00,20:40:00,P,2024-10-08 01:45:37.218110
3de4ec5d-83d4-448b-82d1-12bf05e25916,f72d77dc-e898-4fc4-a87c-91dda95120a4,QUA,13:30:00,15:10:00,T,2024-10-08 01:45:37.218110
b1bb9bd6-f39b-4b6e-89c9-756cb64be826,f72d77dc-e898-4fc4-a87c-91dda95120a4,SEX,15:20:00,16:10:00,T,2024-10-08 01:45:37.218110
edd19c41-063c-4ae2-9153-a8c1b4be89dd,f72d77dc-e898-4fc4-a87c-91dda95120a4,SEX,16:10:00,17:00:00,P,2024-10-08 01:45:37.218110
6a9d2f9d-853d-495b-bb32-8811d9e32987,3c43fc47-433e-4c7b-a44b-2c9b32ff9d76,SEG,19:00:00,20:40:00,T,2024-10-08 01:45:37.218110
5326222e-e9be-4674-9c9c-3baa5f75cb77,3c43fc47-433e-4c7b-a44b-2c9b32ff9d76,QUA,19:00:00,19:50:00,T,2024-10-08 01:45:37.218110
6c20af94-544c-4517-8e95-3cdcc154555a,3c43fc47-433e-4c7b-a44b-2c9b32ff9d76,QUA,19:50:00,20:40:00,P,2024-10-08 01:45:37.218110
b0714e70-92df-4e50-8f67-5f9dff41b8da,8656dfc9-25db-41f8-82ef-1985540ae503,SEG,21:00:00,22:40:00,T,2024-10-08 01:45:37.218110
0bdbeb7f-0c44-4b24-bfef-6ebb40872b0e,8656dfc9-25db-41f8-82ef-1985540ae503,QUI,21:00:00,21:50:00,T,2024-10-08 01:45:37.218110
1136a5cb-ff8e-4255-a4a3-ec936d512bd1,8656dfc9-25db-41f8-82ef-1985540ae503,QUI,21:50:00,22:40:00,P,2024-10-08 01:45:37.218110
dea21675-88de-497d-8e9c-03fb57cb470b,342edbd9-19e5-4e5f-901b-c35a8e837cfd,TER,19:00:00,20:40:00,T,2024-10-08 01:45:37.218110
f3d07d68-0c69-4a30-89d6-0b52e6af70f9,342edbd9-19e5-4e5f-901b-c35a8e837cfd,QUI,21:00:00,21:50:00,T,2024-10-08 01:45:37.218110
268285f6-d773-4246-ae59-35bf56d4a813,342edbd9-19e5-4e5f-901b-c35a8e837cfd,QUI,21:50:00,22:40:00,P,2024-10-08 01:45:37.218110
edd5200f-6046-49f5-85c0-c60f98df7ffa,e279b01c-8ed6-4cc6-9994-56876c5619d0,QUA,15:20:00,17:00:00,T,2024-10-08 01:45:37.218110
cbef1294-0778-416c-b10e-d7a659baf826,e279b01c-8ed6-4cc6-9994-56876c5619d0,SEX,13:30:00,14:20:00,T,2024-10-08 01:45:37.218110
e59cde7e-0394-47c6-9b8a-f5667b6011da,e279b01c-8ed6-4cc6-9994-56876c5619d0,SEX,14:20:00,15:10:00,P,2024-10-08 01:45:37.218110
f0c10ab4-a541-403e-98c6-df1674d91769,996f6b41-4216-4f94-b03e-f37c44a5908c,TER,13:30:00,15:10:00,T,2024-10-08 01:45:37.218110
9dd973a1-00fe-4a65-b018-2aac74cbf72a,996f6b41-4216-4f94-b03e-f37c44a5908c,QUI,15:20:00,16:10:00,T,2024-10-08 01:45:37.218110
cb33e9a0-bed8-4587-abaf-95daacefc719,996f6b41-4216-4f94-b03e-f37c44a5908c,QUI,16:10:00,17:00:00,P,2024-10-08 01:45:37.218110
7b7cc98f-9347-4f4b-b3fb-2059c197fa50,896352e3-a3e9-4335-902c-dd2180198cb6,TER,21:00:00,22:40:00,T,2024-10-08 01:45:37.218110
2ce52914-bba6-4fc5-a5c3-73eae8523faa,896352e3-a3e9-4335-902c-dd2180198cb6,QUI,19:00:00,20:40:00,T,2024-10-08 01:45:37.218110
743aa235-94d5-4f19-a2b2-13b185c9d95f,74927c23-ea0c-42ec-b00d-6926c165f6b2,SEG,13:30:00,15:10:00,T,2024-10-08 01:45:37.218110
12bc195f-e378-425f-98cb-8f297193fbf4,769fe73c-10e2-45cd-8ad5-df22530b868e,TER,19:00:00,20:40:00,T,2024-10-08 01:45:37.218110
2809a576-66b5-4cc0-97ce-7668a0d39b80,6fb63035-3ff1-4cea-9810-a206a2762df0,SEG,19:00:00,20:40:00,T,2024-10-08 01:45:37.218110
6dfa6c11-0f75-4401-b9fd-25a0b85cb602,6fb63035-3ff1-4cea-9810-a206a2762df0,QUA,19:00:00,20:40:00,T,2024-10-08 01:45:37.218110
b4a83f27-ff8d-43e0-afb2-23da66578629,6e26780e-4a94-444a-af32-4c8a5f13208e,QUA,19:00:00,20:40:00,T,2024-10-08 01:45:37.218110
13a24b62-becc-46d5-8342-d1e147517e0d,6e26780e-4a94-444a-af32-4c8a5f13208e,SEX,19:00:00,20:40:00,T,2024-10-08 01:45:37.218110
1feacca2-af13-4c7b-b2ea-2e2087c82a50,f06f391c-7b53-4eb0-ab98-d48ba2cdb2c6,TER,15:20:00,17:00:00,T,2024-10-08 01:45:37.218110
d5362650-048f-462c-9ef3-63fe64242499,f06f391c-7b53-4eb0-ab98-d48ba2cdb2c6,QUI,13:30:00,15:10:00,P,2024-10-08 01:45:37.218110
beb63ce3-c3ab-4987-bdab-d7385f507903,daca2d00-ea2a-4a57-bebb-7d265239222a,SEG,21:00:00,22:40:00,T,2024-10-08 01:45:37.218110
4806bc3d-e475-4dfb-9a33-c0c3223ce841,daca2d00-ea2a-4a57-bebb-7d265239222a,QUA,19:00:00,20:40:00,P,2024-10-08 01:45:37.218110
45772252-f839-4cbd-9a83-1d5fc490e879,8fcc3cb5-82f1-4a19-a931-ab224b67285a,TER,15:20:00,17:00:00,T,2024-10-08 01:45:37.218110
d9816481-a260-4c26-a27f-e216c85096b0,8fcc3cb5-82f1-4a19-a931-ab224b67285a,QUI,13:30:00,15:10:00,T,2024-10-08 01:45:37.218110
b37eea3c-622e-44f1-a5c4-ff5c515a75bb,ae84c4c0-a920-472c-a27a-9a3940366b2e,TER,15:20:00,17:00:00,T,2024-10-08 01:45:37.218110
1db77322-2555-4e62-ba10-0b54e529b14b,ae84c4c0-a920-472c-a27a-9a3940366b2e,SEX,13:30:00,15:10:00,T,2024-10-08 01:45:37.218110
665e42c7-6fc2-4ceb-b50b-b222f1640e6b,00c3bc4f-d571-47d0-ab55-198ee7f39d81,TER,17:10:00,18:50:00,T,2024-10-08 01:45:37.218110
b5a9b6f6-3776-4930-acc8-6324f61569e6,00c3bc4f-d571-47d0-ab55-198ee7f39d81,QUI,17:10:00,18:50:00,T,2024-10-08 01:45:37.218110
9bf58fd4-8652-4d7c-b68f-e4e63af85a5f,b667365c-bc4b-4d55-a820-5b51383174c9,TER,21:00:00,22:40:00,T,2024-10-08 01:45:37.218110
634a46d8-ab85-4fc1-97d8-29ae1b3d08b6,b667365c-bc4b-4d55-a820-5b51383174c9,QUI,19:00:00,20:40:00,P,2024-10-08 01:45:37.218110
e60c5e7d-e434-4eb9-9e8c-7ae9020beb0a,18a68fa7-f54e-40e1-8833-3d8ac5c2af44,SEG,17:10:00,18:50:00,T,2024-10-08 01:45:37.218110
75edbfb3-97bc-49a9-b061-5dc3781e9836,18a68fa7-f54e-40e1-8833-3d8ac5c2af44,QUI,17:10:00,18:50:00,P,2024-10-08 01:45:37.218110
8a604d41-f7ad-41fc-84b2-fbdbeaff5bc3,1e4fdab4-0fb7-4f4f-8dfa-bcf2a0476591,SEG,19:00:00,20:40:00,T,2024-10-08 01:45:37.218110
1affdeea-8c39-4d3b-a1cb-d48c8b9bcb1e,1e4fdab4-0fb7-4f4f-8dfa-bcf2a0476591,QUI,19:00:00,20:40:00,P,2024-10-08 01:45:37.218110
3a87a661-b07b-4f7e-9002-f936c73a147e,65e8c5e4-b653-4939-90fb-e13fc7d941f5,SEG,17:10:00,18:50:00,T,2024-10-08 01:45:37.218110
76151df8-ad44-45a7-99b6-f7cf9749fcf4,65e8c5e4-b653-4939-90fb-e13fc7d941f5,QUI,17:10:00,18:50:00,P,2024-10-08 01:45:37.218110
1da706e1-b7ae-4650-8e31-50930c65c282,3a6b9b1c-fe46-48f1-8741-9cdfe9cf2d32,TER,21:00:00,22:40:00,T,2024-10-08 01:45:37.218110
04f59544-5872-4455-bbe7-5e06f607b24d,3a6b9b1c-fe46-48f1-8741-9cdfe9cf2d32,SEX,19:00:00,20:40:00,P,2024-10-08 01:45:37.218110
fd64c11c-8004-4513-9c77-d7a7391aec42,a664215f-218d-4989-b949-8165013da7b7,SEG,13:30:00,15:10:00,T,2024-10-08 01:45:37.218110
ee687e64-9f93-49f5-990c-5396e1ee66a2,a664215f-218d-4989-b949-8165013da7b7,QUA,15:20:00,17:00:00,P,2024-10-08 01:45:37.218110
4fae4245-cf99-4d3d-81b6-a4a72202a64e,60741833-4e61-46dd-a2cb-ac4893be12c6,SEG,17:10:00,18:50:00,T,2024-10-08 01:45:37.218110
945e5cf0-34b2-4363-add6-e1c35b254cb1,60741833-4e61-46dd-a2cb-ac4893be12c6,QUI,17:10:00,18:50:00,P,2024-10-08 01:45:37.218110
bb611199-0d3c-415d-ae51-b27d3373c613,19a90ba8-e11e-4697-8fa3-9c6b6a5bd8b4,SEG,15:20:00,17:00:00,T,2024-10-08 01:45:37.218110
68cd6776-a9db-4062-ac93-8b58900f27f9,19a90ba8-e11e-4697-8fa3-9c6b6a5bd8b4,QUI,13:30:00,15:10:00,P,2024-10-08 01:45:37.218110
6d3d2f34-e1c1-4079-8ad1-ebc695d901fc,fd860f02-8c25-407b-b851-fc1b76f359b9,SEG,17:10:00,18:50:00,T,2024-10-08 01:45:37.218110
bf71a482-2229-4c30-b7d5-a53e7af9ae02,fd860f02-8c25-407b-b851-fc1b76f359b9,QUI,17:10:00,18:50:00,P,2024-10-08 01:45:37.218110
88793d7d-131e-4abe-b55f-8abb8b4c0ae2,eb29adc4-9c68-4243-b299-0c3b9cc5ade4,SEG,13:30:00,15:10:00,T,2024-10-08 01:45:37.218110
f57d5ed5-fec2-4b20-a101-b90b008b39cf,eb29adc4-9c68-4243-b299-0c3b9cc5ade4,QUA,15:20:00,17:00:00,P,2024-10-08 01:45:37.218110
a9232262-df5b-4ea2-aaf1-36caf87bfa67,2b312f37-41b9-45ff-a758-ddfd8833c465,SEG,17:10:00,18:50:00,T,2024-10-08 01:45:37.218110
d2b0ef2b-5be8-4f0b-ac75-c38586e351d2,2b312f37-41b9-45ff-a758-ddfd8833c465,QUA,17:10:00,18:50:00,P,2024-10-08 01:45:37.218110
b2c3e776-5f78-4c91-81d9-208e4e8a630a,f95e956a-8a2a-4134-921e-52c804a3ebf3,SEG,21:00:00,22:40:00,T,2024-10-08 01:45:37.218110
d5d578d4-6be9-4587-8278-0ab5f7604618,f95e956a-8a2a-4134-921e-52c804a3ebf3,QUI,19:00:00,19:50:00,T,2024-10-08 01:45:37.218110
9d1f20d2-f86e-4e45-bacd-7a8d5c344aeb,f95e956a-8a2a-4134-921e-52c804a3ebf3,QUI,19:50:00,20:40:00,P,2024-10-08 01:45:37.218110
7077bf40-2f85-4c9d-b610-1ab375dcdffa,1b9859d4-f00c-47e9-af55-44e625b16fa5,QUA,19:00:00,20:40:00,T,2024-10-08 01:45:37.218110
6639595a-5d11-4378-b8ce-ad9e51ef874f,1b9859d4-f00c-47e9-af55-44e625b16fa5,SEX,21:00:00,21:50:00,T,2024-10-08 01:45:37.218110
b80e0fdf-27ae-41b2-96bc-3ab2c1be1cd8,1b9859d4-f00c-47e9-af55-44e625b16fa5,SEX,21:50:00,22:40:00,P,2024-10-08 01:45:37.218110
d8dcf2fe-2b9a-4587-86d9-6e8db1598e06,eba168f6-a028-49e2-bdd8-548313b5540c,SEG,21:00:00,22:40:00,T,2024-10-08 01:45:37.218110
cbfd17e2-1f91-4121-b02a-6b98a0a7349e,eba168f6-a028-49e2-bdd8-548313b5540c,QUI,19:00:00,20:40:00,T,2024-10-08 01:45:37.218110
190f73f8-e6dc-4026-9b8f-5ee938f1d1d4,d185226c-7543-4523-b21c-0a91d768bcf8,TER,15:20:00,17:00:00,T,2024-10-08 01:45:37.218110
9e612b87-be81-43c3-9e44-0aa1893ac5fe,d185226c-7543-4523-b21c-0a91d768bcf8,QUI,15:20:00,17:00:00,T,2024-10-08 01:45:37.218110
78ca3802-ceac-4ab7-93cf-f785417402de,8b78b54d-a26a-439e-b71f-46ffdc057eb3,SEG,13:30:00,15:10:00,T,2024-10-08 01:45:37.218110
5240ddca-05f4-49e0-8c66-a41b69d990e8,8b78b54d-a26a-439e-b71f-46ffdc057eb3,QUI,15:20:00,17:00:00,P,2024-10-08 01:45:37.218110
392b2adc-7939-492f-a2b7-7ce72d22cd96,72b92a5c-7de1-401a-ad5a-88c85880a0c9,SEG,15:20:00,17:00:00,T,2024-10-08 01:45:37.218110
8c766933-7a02-4f7b-ba3c-57426b7f2130,72b92a5c-7de1-401a-ad5a-88c85880a0c9,QUI,13:30:00,15:10:00,P,2024-10-08 01:45:37.218110
a244b6f7-f7fc-4e35-ad9f-3a2a6969eda0,38e0043c-a3a0-48d9-a34c-479e831e6338,TER,21:00:00,22:40:00,T,2024-10-08 01:45:37.218110
222ad6ba-9129-416f-8658-212bc988a221,38e0043c-a3a0-48d9-a34c-479e831e6338,SEX,19:00:00,20:40:00,T,2024-10-08 01:45:37.218110
af4d14ec-dcb6-4ea7-a0f1-ec1a4ca65a23,9d391f1a-d00d-4d67-a455-780409804d7b,TER,13:30:00,15:10:00,T,2024-10-08 01:45:37.218110
52a45e41-9e43-487f-ae16-add6598d8477,9d391f1a-d00d-4d67-a455-780409804d7b,SEX,15:20:00,17:00:00,P,2024-10-08 01:45:37.218110
094ad65a-77a7-4823-8205-c55b8d74510e,e31c9323-3f95-4083-95d4-4c2d97569db0,TER,15:20:00,17:00:00,T,2024-10-08 01:45:37.218110
7b8e0097-3184-492f-b13c-384798e7e7bf,e31c9323-3f95-4083-95d4-4c2d97569db0,SEX,13:30:00,15:10:00,P,2024-10-08 01:45:37.218110
816d1ac3-9584-4125-b28b-74d3414cde8d,cc53c816-85e8-45e1-92ae-3d59e293a755,TER,15:20:00,17:00:00,T,2024-10-08 01:45:37.218110
4abd3ed9-50ee-4712-a120-a73813a01e0b,cc53c816-85e8-45e1-92ae-3d59e293a755,SEX,13:30:00,15:10:00,T,2024-10-08 01:45:37.218110
0022c2b7-0b08-4855-b24e-0c86c08ec7c9,98001cc8-2a8e-40f5-9e13-f1c8415c29ef,TER,19:00:00,20:40:00,T,2024-10-08 01:45:37.218110
72ae3bbc-67bd-4897-bcd4-3302f4d4bd50,98001cc8-2a8e-40f5-9e13-f1c8415c29ef,SEX,19:00:00,19:50:00,T,2024-10-08 01:45:37.218110
09a7462d-6703-4ac9-b527-d5c335312628,98001cc8-2a8e-40f5-9e13-f1c8415c29ef,SEX,19:50:00,20:40:00,P,2024-10-08 01:45:37.218110
6f6c0ed2-62c0-4d7a-9038-a6085746602d,ff74b696-7085-41ef-9b12-2b9121bc2f44,QUA,15:20:00,17:00:00,T,2024-10-08 01:45:37.218110
26d10377-34f5-4478-9985-55d6d1a551ce,ff74b696-7085-41ef-9b12-2b9121bc2f44,SEX,15:20:00,16:10:00,T,2024-10-08 01:45:37.218110
d254689f-95b2-40f1-b6f8-9d899d9140db,ff74b696-7085-41ef-9b12-2b9121bc2f44,SEX,16:10:00,17:00:00,P,2024-10-08 01:45:37.218110
b402e7e8-ce25-4e57-acfc-85f22bf530a8,5299282b-5c23-42c6-83d3-6fb5b6e96de9,TER,13:30:00,15:10:00,T,2024-10-08 01:45:37.218110
9c2850eb-226f-41b2-a481-f61bdde405b4,5299282b-5c23-42c6-83d3-6fb5b6e96de9,SEX,15:20:00,17:00:00,T,2024-10-08 01:45:37.218110
73d58870-d996-4666-8121-5cdbe6c12ae4,f0a4b7b7-8c8d-4f07-86eb-3f8806c03f50,SEG,15:20:00,17:00:00,T,2024-10-08 01:45:37.218110
10e85070-d344-4981-b254-511d2a6a0b17,f0a4b7b7-8c8d-4f07-86eb-3f8806c03f50,QUI,13:30:00,15:10:00,T,2024-10-08 01:45:37.218110
48b7f15b-815b-42e9-a132-672abce2c3e9,ac3a9a25-efa5-42d1-aac8-ab6b58388551,TER,21:00:00,22:40:00,T,2024-10-08 01:45:37.218110
1cd01b9d-c578-48d2-8461-f2497e126b7f,ac3a9a25-efa5-42d1-aac8-ab6b58388551,QUI,21:00:00,22:40:00,T,2024-10-08 01:45:37.218110
01c640e3-c346-4b15-9b84-7758736e5dcc,476d590b-883b-4452-abc3-c91e6050527f,SEG,15:20:00,17:00:00,T,2024-10-08 01:45:37.218110
735f7739-dcc2-485d-8303-e256b56152b4,476d590b-883b-4452-abc3-c91e6050527f,QUA,13:30:00,15:10:00,T,2024-10-08 01:45:37.218110
07e07a67-e36f-4d15-a597-6a507cae8b65,0ef1a37a-b9fe-4e82-93bc-c2e7cc0c5ab9,SEG,13:30:00,15:10:00,T,2024-10-08 01:45:37.218110
c122cecc-493b-489a-a99a-0d9bb452ecfd,0ef1a37a-b9fe-4e82-93bc-c2e7cc0c5ab9,QUA,15:20:00,17:00:00,T,2024-10-08 01:45:37.218110
efcedcd0-5f05-45b1-9ce5-9ec36394a4fd,d732f3cd-0844-4cab-95b1-06329c018c62,TER,15:20:00,17:00:00,T,2024-10-08 01:45:37.218110
ca202724-a113-4515-bfce-23d4bdc785de,d732f3cd-0844-4cab-95b1-06329c018c62,QUI,13:30:00,15:10:00,T,2024-10-08 01:45:37.218110
210fd71d-7550-48ea-9026-27c30e31e9a7,a380eb8c-e297-4a31-9c85-7fd337c947de,SEG,15:20:00,17:00:00,T,2024-10-08 01:45:37.218110
05970aa9-f8e2-423a-9d15-2602443fe621,a380eb8c-e297-4a31-9c85-7fd337c947de,QUI,15:20:00,16:10:00,T,2024-10-08 01:45:37.218110
548c09a8-02ad-4332-9b82-66b7683ebf6c,a380eb8c-e297-4a31-9c85-7fd337c947de,QUI,16:10:00,17:00:00,P,2024-10-08 01:45:37.218110
457a6ccc-d016-4269-9e5f-27b461c9c36c,56b8f668-aa74-4e7c-8a66-0d6846ddee91,TER,21:00:00,22:40:00,T,2024-10-08 01:45:37.218110
8cf98257-b893-4d6b-b795-c042d75afb41,56b8f668-aa74-4e7c-8a66-0d6846ddee91,QUI,21:00:00,22:40:00,T,2024-10-08 01:45:37.218110
ed84b49b-8657-4535-9edd-79973d3c01c5,1bbbc224-f12f-4d89-8d94-7c5801c986cf,SEG,19:00:00,20:40:00,T,2024-10-08 01:45:37.218110
f3fb860e-ae8b-4eaa-b037-92955ab34aa6,1bbbc224-f12f-4d89-8d94-7c5801c986cf,QUA,19:00:00,20:40:00,T,2024-10-08 01:45:37.218110
fbc3f7b6-f3a2-4120-a2a6-57233a7deaad,3dba6f34-1b2b-4d5d-986d-84fc899d73dd,QUA,13:30:00,15:10:00,T,2024-10-08 01:45:37.218110
ff082f71-97c0-4e6c-a26b-19ed6dcd9593,3dba6f34-1b2b-4d5d-986d-84fc899d73dd,SEX,13:30:00,15:10:00,T,2024-10-08 01:45:37.218110
41e88fb8-f508-4452-a2bd-05bab0c920d9,0d43a489-6679-4bac-b7dd-7be034e120af,TER,13:30:00,15:10:00,T,2024-10-08 01:45:37.218110
f1009f97-0b77-454e-80b7-a2c0befa1e62,0d43a489-6679-4bac-b7dd-7be034e120af,SEX,15:20:00,17:00:00,T,2024-10-08 01:45:37.218110
15e74808-7759-4223-a0e2-7f24e1e14b2c,fa831e27-6d23-41a0-a2d6-45d9771c53be,SEG,21:00:00,22:40:00,T,2024-10-08 01:45:37.218110
f3165bb8-959f-4f0c-9196-7ab13f990070,fa831e27-6d23-41a0-a2d6-45d9771c53be,QUA,21:00:00,22:40:00,T,2024-10-08 01:45:37.218110
2a25284c-58f5-4893-83f6-54683570e1c9,c6f02171-fc35-4b09-afaf-57a086ff8f9e,SEG,21:00:00,22:40:00,T,2024-10-08 01:45:37.218110
045e1750-8ff8-43c6-83a7-2e35cf6747d8,c6f02171-fc35-4b09-afaf-57a086ff8f9e,QUA,21:00:00,22:40:00,T,2024-10-08 01:45:37.218110
d7e6ae09-6432-4bc6-9408-1c2ae27ccd09,9d86cab1-99f7-447f-adf7-4e5ead1cbc97,TER,17:10:00,18:50:00,T,2024-10-08 01:45:37.218110
63ead201-683e-437f-b37e-07d0d93927ff,9d86cab1-99f7-447f-adf7-4e5ead1cbc97,QUI,17:10:00,18:50:00,T,2024-10-08 01:45:37.218110
9a69b513-6b14-4a73-86d9-682a5cebbe47,6ca133b6-bf7b-42d8-b3f8-cbfd131d5613,SEG,19:00:00,20:40:00,T,2024-10-08 01:45:37.218110
960957dc-bef0-4378-a241-8e8a77fef843,6ca133b6-bf7b-42d8-b3f8-cbfd131d5613,QUA,21:00:00,22:40:00,T,2024-10-08 01:45:37.218110
98685be3-fca5-47a1-a824-af13cae9fc7d,e1d00197-b5f0-4dd8-b2f3-6989e0c84dcd,SEG,21:00:00,22:40:00,T,2024-10-08 01:45:37.218110
a3f812f1-673a-4455-98e4-19892a491531,e1d00197-b5f0-4dd8-b2f3-6989e0c84dcd,QUI,19:00:00,20:40:00,T,2024-10-08 01:45:37.218110
bdd08630-c142-41ff-a901-33e54e7ceb45,ee8a3bd8-3f1e-4715-a981-b60b3b181759,QUA,21:00:00,22:40:00,T,2024-10-08 01:45:37.218110
d880b485-0552-4649-b828-86d2a8788130,ee8a3bd8-3f1e-4715-a981-b60b3b181759,SEX,19:00:00,20:40:00,T,2024-10-08 01:45:37.218110
c2699f0a-2aba-48e6-aa39-60f868958d4b,942eac01-7353-45d7-9b47-687e848dd2af,TER,19:00:00,20:40:00,T,2024-10-08 01:45:37.218110
40de352a-2ba7-41a4-8880-7dd3cdae260f,942eac01-7353-45d7-9b47-687e848dd2af,QUI,21:00:00,22:40:00,T,2024-10-08 01:45:37.218110
868152d4-cfbb-4d44-9b55-1774fc8ac293,4a14c1ca-22ef-4f66-a611-7b1a6a6ccd0d,SEG,15:20:00,17:00:00,T,2024-10-08 01:45:37.218110
c35954fe-2ef6-4dc5-ac76-4591b1b99c99,4a14c1ca-22ef-4f66-a611-7b1a6a6ccd0d,QUI,13:30:00,15:10:00,T,2024-10-08 01:45:37.218110
32c43e07-5d5a-466d-a3be-97e15cacf477,95660d35-9c4b-46cb-8465-cc9d2bae1298,SEG,13:30:00,15:10:00,T,2024-10-08 01:45:37.218110
d8e1f3d4-8a97-4a12-b9b7-67e084648fbe,95660d35-9c4b-46cb-8465-cc9d2bae1298,QUI,15:20:00,17:00:00,T,2024-10-08 01:45:37.218110
1eecfe57-5911-4bb5-8c1c-6ef1b74c55e3,c9e67cbc-0cb8-469e-b4df-b600b6d6eaa8,SEG,13:30:00,15:10:00,T,2024-10-08 01:45:37.218110
ff811794-7e82-477b-878c-c350f4b3c20a,c9e67cbc-0cb8-469e-b4df-b600b6d6eaa8,QUA,13:30:00,15:10:00,T,2024-10-08 01:45:37.218110
321cb992-cd16-4ff2-ab75-ef519233599e,99534a37-eb5e-426c-8fcb-4fe0163da594,SEG,17:10:00,18:50:00,T,2024-10-08 01:45:37.218110
72ca59aa-578d-4e55-bb39-894fa92519d1,99534a37-eb5e-426c-8fcb-4fe0163da594,QUA,17:10:00,18:00:00,T,2024-10-08 01:45:37.218110
a09a8ff0-61b0-4f0b-9e73-1e9d4d015c98,99534a37-eb5e-426c-8fcb-4fe0163da594,QUA,18:00:00,18:50:00,P,2024-10-08 01:45:37.218110
b1b58901-9d38-4c07-83b9-eeaa26ef1096,74eb7f62-4e44-4d09-a0ba-c1f9dee53051,SEG,15:20:00,17:00:00,T,2024-10-08 01:45:37.218110
07b284a1-7a7e-45fc-a124-b9200350bf32,74eb7f62-4e44-4d09-a0ba-c1f9dee53051,QUA,13:30:00,14:20:00,T,2024-10-08 01:45:37.218110
93797f2b-ea7c-4816-b30e-6deb89313b96,74eb7f62-4e44-4d09-a0ba-c1f9dee53051,QUA,14:20:00,15:10:00,P,2024-10-08 01:45:37.218110
c8fbe027-a931-4193-ba3f-131a3c85f6ea,d5d91aa7-9082-4692-bef9-c808f3ca6473,TER,13:30:00,15:10:00,T,2024-10-08 01:45:37.218110
d467eed2-2ff8-45e1-92ac-32ec0674e82b,d5d91aa7-9082-4692-bef9-c808f3ca6473,QUI,15:20:00,16:10:00,T,2024-10-08 01:45:37.218110
81f8c017-ba02-469e-b961-6db822d7388a,d5d91aa7-9082-4692-bef9-c808f3ca6473,QUI,16:10:00,17:00:00,P,2024-10-08 01:45:37.218110
fad353b3-76b2-471e-929c-85d03474fe5a,87032632-4c38-418e-8396-d721328d2af7,SEG,21:00:00,22:40:00,T,2024-10-08 01:45:37.218110
4deeb124-00fa-4fc2-9910-3b2ce45d883b,72573278-ac5d-4953-952e-66e7b2867d86,SEG,07:30:00,09:10:00,P,2024-10-08 01:45:37.218110
d99219e0-c51e-486a-92da-3bee9fccdbb6,72573278-ac5d-4953-952e-66e7b2867d86,TER,07:30:00,09:10:00,P,2024-10-08 01:45:37.218110
c58d87ee-26fb-48c3-859c-31d1e7510e4f,72573278-ac5d-4953-952e-66e7b2867d86,QUA,07:30:00,09:10:00,P,2024-10-08 01:45:37.218110
4d410ed4-bd30-456b-a1cf-59766a914188,f7504e08-1c2e-4028-91ee-81cfa39557a2,SEG,07:30:00,09:10:00,P,2024-10-08 01:45:37.218110
123d9b58-d9b1-400d-9f45-48d02c65be02,f7504e08-1c2e-4028-91ee-81cfa39557a2,TER,07:30:00,09:10:00,P,2024-10-08 01:45:37.218110
c265573d-e18c-4d5d-a717-64cf950cad60,ff45f5bd-1ad6-45d1-8854-53e38a6d9297,SEG,13:30:00,15:10:00,T,2024-10-08 01:45:37.218110
b0489d78-e995-4f18-b399-807368918fde,ff45f5bd-1ad6-45d1-8854-53e38a6d9297,QUI,13:30:00,15:10:00,T,2024-10-08 01:45:37.218110
a253105c-a9c4-4643-b617-7a22baa582a0,249688a8-cae9-46ba-b73a-6501645a86c3,SEG,13:30:00,15:10:00,T,2024-10-08 01:45:37.218110
93669bf2-c2d8-43f5-993e-f699df2d3177,249688a8-cae9-46ba-b73a-6501645a86c3,QUA,15:20:00,17:00:00,T,2024-10-08 01:45:37.218110
d967f15a-1785-4187-a0bb-6eb6db496fa7,bf6207e0-a86e-4c8d-a33b-524ec1e8791a,SEG,21:00:00,22:40:00,T,2024-10-08 01:45:37.218110
52c750e3-ec32-4b10-b91d-463b10dac943,bf6207e0-a86e-4c8d-a33b-524ec1e8791a,QUI,19:00:00,20:40:00,T,2024-10-08 01:45:37.218110
07d90d9d-2d78-4ca1-8f00-7885a71d7842,30c22e9e-4a5d-417c-88e9-8028950d00e8,TER,15:20:00,17:00:00,T,2024-10-08 01:45:37.218110
2b37a1f8-1973-4483-80e4-4c64f23fed0c,30c22e9e-4a5d-417c-88e9-8028950d00e8,QUI,13:30:00,15:10:00,T,2024-10-08 01:45:37.218110
d4ce6670-9280-4c74-b99e-867339dcf8ae,09e48da4-fe90-429b-bba8-128d2da2b7a8,TER,21:00:00,22:40:00,T,2024-10-08 01:45:37.218110
1a0f6cbb-fb8e-4a9e-b570-dfc635beac35,09e48da4-fe90-429b-bba8-128d2da2b7a8,SEX,19:00:00,20:40:00,T,2024-10-08 01:45:37.218110
639f8b1f-daf4-4f0a-8e92-cfd948cb4647,401731bd-83e1-480e-90e1-0aa29c2081c4,TER,15:20:00,17:00:00,T,2024-10-08 01:45:37.218110
385ce6f1-1889-4c58-ada3-081da7b468d6,401731bd-83e1-480e-90e1-0aa29c2081c4,SEX,15:20:00,16:10:00,T,2024-10-08 01:45:37.218110
88fcf314-02c0-43ff-9469-c957d41bd76e,401731bd-83e1-480e-90e1-0aa29c2081c4,SEX,16:10:00,17:00:00,P,2024-10-08 01:45:37.218110
45ca14f4-d280-4a71-aa11-bb3c4f7cd148,6a43fb66-12bc-4804-8e18-73907eeb5d20,SEG,19:00:00,20:40:00,T,2024-10-08 01:45:37.218110
26606e27-978a-472f-9619-691f0aafb028,6a43fb66-12bc-4804-8e18-73907eeb5d20,QUI,19:00:00,20:40:00,T,2024-10-08 01:45:37.218110
87147e7c-bd35-4c7a-8d18-d6d4f434654c,5797331c-4bd6-4df7-9fe0-30e0b16b00dd,TER,21:00:00,22:40:00,T,2024-10-08 01:45:37.218110
2ee8d2b9-ac88-4c51-8dc2-f1d3aa227975,5797331c-4bd6-4df7-9fe0-30e0b16b00dd,SEX,21:00:00,22:40:00,P,2024-10-08 01:45:37.218110
939db16e-fc19-4ef4-876c-a854f61bfbe9,53a1a49f-5789-4f9b-a4dd-e39c12bf175b,QUA,19:00:00,20:40:00,T,2024-10-08 01:45:37.218110
cc1fa65f-ea5e-45f8-b168-37872861d93e,53a1a49f-5789-4f9b-a4dd-e39c12bf175b,SEX,19:00:00,20:40:00,P,2024-10-08 01:45:37.218110
f4b87182-ee0f-4e9f-af8c-bf5c79c8327e,d841da59-e081-4164-94f6-f93607da3b01,TER,21:00:00,22:40:00,T,2024-10-08 01:45:37.218110
3c47a173-89cd-4398-90f6-6763a40875f6,d841da59-e081-4164-94f6-f93607da3b01,QUI,19:00:00,20:40:00,T,2024-10-08 01:45:37.218110
b370997c-14e4-408b-a94d-4ac7f8dcc6a3,cfabf3a8-7cb2-4cb9-a6f7-c12a3223cbed,QUA,19:00:00,20:40:00,T,2024-10-08 01:45:37.218110
3a93db9b-9550-4951-8279-440c2e6f04b0,cfabf3a8-7cb2-4cb9-a6f7-c12a3223cbed,SEX,21:00:00,22:40:00,P,2024-10-08 01:45:37.218110
8c3dbcf5-2402-4f4e-9806-df22385889da,c716dc48-6e72-4ae8-a860-2c5d7e2058e2,TER,19:00:00,20:40:00,T,2024-10-08 01:45:37.218110
1be38420-8186-41b4-ac0d-46a7c65ee1ac,c716dc48-6e72-4ae8-a860-2c5d7e2058e2,SEX,21:00:00,22:40:00,T,2024-10-08 01:45:37.218110
0b2d9a76-ef0a-4f70-aa37-a16b9cbf2de8,1e39395d-66ef-474e-b720-460c531fd5e4,SEG,13:30:00,15:10:00,T,2024-10-08 01:45:37.218110
391e4baf-4e43-4404-aa38-f8e941a96722,1e39395d-66ef-474e-b720-460c531fd5e4,QUA,15:20:00,17:00:00,T,2024-10-08 01:45:37.218110
2f50d9e5-517d-4eaf-81f9-ed12494a809c,d50b5dd9-4ddb-4575-a845-90c39fe781fd,SEG,19:00:00,20:40:00,T,2024-10-08 01:45:37.218110
7619454f-d6ad-4f31-9435-0bcbbd70133b,d50b5dd9-4ddb-4575-a845-90c39fe781fd,QUA,19:00:00,20:40:00,T,2024-10-08 01:45:37.218110
04df4aa7-9d86-4820-b1f5-023c72ec1f8d,e2756615-8cf5-470a-b2dd-fe6b928806d3,QUA,13:30:00,15:10:00,T,2024-10-08 01:45:37.218110
a80cca87-b88c-4867-9988-6474bee40426,e2756615-8cf5-470a-b2dd-fe6b928806d3,SEX,13:30:00,14:20:00,T,2024-10-08 01:45:37.218110
03322be1-f3a1-461e-abf5-4a952a58df48,e2756615-8cf5-470a-b2dd-fe6b928806d3,SEX,14:20:00,15:10:00,P,2024-10-08 01:45:37.218110
64ca845f-2942-4fc5-b282-061ca2aebc35,45193a28-58ce-4eac-829f-c5fe5a1f012a,TER,13:30:00,15:10:00,T,2024-10-08 01:45:37.218110
fefb995f-8f9c-4bbf-85ec-ac2339b76d49,45193a28-58ce-4eac-829f-c5fe5a1f012a,SEX,13:30:00,15:10:00,P,2024-10-08 01:45:37.218110
97af5d44-dfc3-44f1-9636-4c94b696107e,854db703-f2dc-42c5-bfee-e2b056263f11,SEG,19:00:00,20:40:00,T,2024-10-08 01:45:37.218110
a0ff682c-34ec-4e97-bddd-42e92e6f8a1b,854db703-f2dc-42c5-bfee-e2b056263f11,QUA,21:00:00,22:40:00,P,2024-10-08 01:45:37.218110
3a122dbf-c683-470d-a538-b1e39c619e8c,14bfe844-b5b7-42fc-aa02-53366f3b3428,SEG,19:00:00,20:40:00,T,2024-10-08 01:45:37.218110
80d3dd9e-91ad-4a7b-97a7-de743a2a7816,14bfe844-b5b7-42fc-aa02-53366f3b3428,QUA,21:00:00,22:40:00,T,2024-10-08 01:45:37.218110
50740d16-1623-4797-bd72-2b4205ab03df,c72e58f8-def5-4768-ae06-4be6d0180a13,QUA,21:00:00,22:40:00,T,2024-10-08 01:45:37.218110
e12466fb-cbc7-468f-9ad8-29fab8e298d7,c72e58f8-def5-4768-ae06-4be6d0180a13,SEX,21:00:00,22:40:00,T,2024-10-08 01:45:37.218110
bb7dc2d2-bd56-4ead-91c7-90c427966172,3db54d7d-00b6-45d0-b1c0-3df5bb64008a,TER,19:00:00,20:40:00,T,2024-10-08 01:45:37.218110
0cad7188-3975-4493-b063-c2b9d53dc1ef,3db54d7d-00b6-45d0-b1c0-3df5bb64008a,SEX,21:00:00,21:50:00,T,2024-10-08 01:45:37.218110
9194c17c-1647-49df-ade5-b9e8428a410a,3db54d7d-00b6-45d0-b1c0-3df5bb64008a,SEX,21:50:00,22:40:00,P,2024-10-08 01:45:37.218110
00ef1e2e-1106-4e62-9d62-53553d425a5a,651df0f5-e728-410d-a5da-73fac27ee7ac,TER,13:30:00,15:10:00,T,2024-10-08 01:45:37.218110
dc6ecc98-0ed1-40f5-b135-5a3f97ed532f,651df0f5-e728-410d-a5da-73fac27ee7ac,QUI,15:20:00,17:00:00,T,2024-10-08 01:45:37.218110
c6ea6a4c-fd61-41a1-a7e7-373030ccb09f,290fac7f-9368-4bcc-bc05-47ffbe5f1fd1,QUA,13:30:00,15:10:00,T,2024-10-08 01:45:37.218110
0e14a79f-00bb-413b-8fa6-8bcf0164bc17,290fac7f-9368-4bcc-bc05-47ffbe5f1fd1,SEX,15:20:00,17:00:00,T,2024-10-08 01:45:37.218110
04e5399c-1cf7-4414-a538-2b128012fca9,4d5a73a0-b50c-4a32-afcb-5a32d667e0f1,TER,21:00:00,22:40:00,T,2024-10-08 01:45:37.218110
9dc649af-0208-482b-a80e-ef079ad82556,4d5a73a0-b50c-4a32-afcb-5a32d667e0f1,SEX,19:00:00,20:40:00,T,2024-10-08 01:45:37.218110
01b6cf5c-8515-4131-be6f-2025f466d66e,3136a62e-8625-49e3-ae63-3c0207bcff91,QUI,21:00:00,22:40:00,T,2024-10-08 01:45:37.218110
97b710f1-a26c-42b3-b233-87db1e7d825a,65206360-5e03-4edb-8e9e-8f685cd979d2,QUA,19:00:00,20:40:00,T,2024-10-08 01:45:37.218110
32d917a8-2e60-422a-9cfa-f5b351c19930,9af11e78-d3ea-4a59-940e-4adb45452b1e,TER,13:30:00,15:10:00,T,2024-10-08 01:45:37.218110
bdcebb8f-ddad-4124-b01c-a1071195ad2c,81a3de87-15de-436e-a065-ecad5bbc6fde,QUI,15:20:00,17:00:00,T,2024-10-08 01:45:37.218110
5b8230c1-d742-4219-a90a-ed9976ae35e0,c49cd273-c2e7-45bb-8930-a07196039a20,SEG,07:30:00,09:10:00,P,2024-10-08 01:45:37.218110
2504fddf-7669-41a5-8a4b-0bfe3aad4a18,c49cd273-c2e7-45bb-8930-a07196039a20,TER,07:30:00,09:10:00,P,2024-10-08 01:45:37.218110
3aa251dd-97a3-4e5e-a7ea-27f03075a1fa,c49cd273-c2e7-45bb-8930-a07196039a20,QUA,07:30:00,09:10:00,P,2024-10-08 01:45:37.218110
722c6c42-1d90-4cc4-a64a-9161a36b7c3a,c7f60bb4-4561-471a-bc9b-b79e80017c4c,SEG,07:30:00,09:10:00,P,2024-10-08 01:45:37.218110
6e77f46d-4eaa-4660-9531-cb04cf681a4a,c7f60bb4-4561-471a-bc9b-b79e80017c4c,TER,07:30:00,09:10:00,P,2024-10-08 01:45:37.218110
b927eb66-dc11-4b07-a0b6-6e5deef389f4,b727275e-cec4-438c-851a-400642470745,TER,15:20:00,17:00:00,T,2024-10-08 01:45:37.218110
e065e147-2b6c-41e6-bd2e-0f9f7bfead8f,b727275e-cec4-438c-851a-400642470745,QUI,13:30:00,15:10:00,P,2024-10-08 01:45:37.218110
a7812a8a-c3cd-469a-83b6-a453f4ea53b4,298515ea-8b74-4184-b1cd-5a0294e6ce31,SEG,15:20:00,17:00:00,P,2024-10-08 01:45:37.218110
5b3a12e0-d702-4555-8576-9896882e8e15,298515ea-8b74-4184-b1cd-5a0294e6ce31,QUI,13:30:00,15:10:00,T,2024-10-08 01:45:37.218110
b43f4fb0-c2ac-4d0b-ad18-35956314adac,f0d0892d-9da2-46d4-bc57-d46441c589e4,SEG,15:20:00,16:10:00,P,2024-10-08 01:45:37.218110
0ca856b9-a08c-4ed9-952f-bddffa85c522,f0d0892d-9da2-46d4-bc57-d46441c589e4,SEG,17:10:00,18:00:00,P,2024-10-08 01:45:37.218110
14ffbe98-fe40-4080-a162-9b09a5ae6a7d,f0d0892d-9da2-46d4-bc57-d46441c589e4,QUI,13:30:00,15:10:00,T,2024-10-08 01:45:37.218110
b164fc73-4ae2-4af8-ba19-8a85bc8552ab,e3d0aaaf-bc13-46d2-becb-719df4096535,TER,21:00:00,22:40:00,T,2024-10-08 01:45:37.218110
1133914f-8c0f-4cef-a7d3-d2b7737920ba,e3d0aaaf-bc13-46d2-becb-719df4096535,SEX,19:00:00,20:40:00,P,2024-10-08 01:45:37.218110
bcb8da3c-cc16-412b-a77a-3b22a9808803,a3ce24fe-6717-452e-a81f-b328e7234715,TER,21:00:00,22:40:00,T,2024-10-08 01:45:37.218110
32abb903-d153-4ea6-b2d1-fe53853b59cf,a3ce24fe-6717-452e-a81f-b328e7234715,SEX,17:10:00,18:00:00,P,2024-10-08 01:45:37.218110
54327b3f-efbd-4ca8-99fc-3a707f56edb1,a3ce24fe-6717-452e-a81f-b328e7234715,SEX,19:00:00,19:50:00,P,2024-10-08 01:45:37.218110
12d6c8ca-dcac-44ff-acb1-cb9486d5c71a,697f3e3b-83d5-443b-b63a-66a99013c4e3,SEG,13:30:00,15:10:00,T,2024-10-08 01:45:37.218110
b0fad9a8-94c8-4b36-8e31-e622d407e454,697f3e3b-83d5-443b-b63a-66a99013c4e3,QUA,15:20:00,16:10:00,T,2024-10-08 01:45:37.218110
327d7e47-76cf-46b2-ae8f-1dcfae05ce70,697f3e3b-83d5-443b-b63a-66a99013c4e3,QUA,16:10:00,17:00:00,P,2024-10-08 01:45:37.218110
ea46ca81-7cde-4109-b312-0b03b4e7e53f,73bda6dd-4703-4956-b924-411c2fd39ea0,SEG,13:30:00,15:10:00,T,2024-10-08 01:45:37.218110
53598359-5927-4029-9ca6-1f831c40b351,73bda6dd-4703-4956-b924-411c2fd39ea0,QUA,15:20:00,16:10:00,T,2024-10-08 01:45:37.218110
7457abfd-9af8-4fa2-87ee-3f18ce802c04,73bda6dd-4703-4956-b924-411c2fd39ea0,QUA,17:10:00,18:00:00,P,2024-10-08 01:45:37.218110
f4e31df6-44f6-415c-af98-3c4052b7e75f,dff6e3f8-e843-47fb-9ada-bf363d7acc33,QUA,21:00:00,22:40:00,T,2024-10-08 01:45:37.218110
2fdb2449-f3a2-45c1-82ff-f67722e1cf3a,dff6e3f8-e843-47fb-9ada-bf363d7acc33,SEX,21:00:00,22:40:00,P,2024-10-08 01:45:37.218110
d21ab8af-1cdd-4f9f-aee0-0682c60d272e,204489eb-fadc-4277-9ebd-7295f0c9e2b8,TER,13:30:00,15:10:00,T,2024-10-08 01:45:37.218110
efac4797-63f6-4f14-97da-a83ec84c3fb8,204489eb-fadc-4277-9ebd-7295f0c9e2b8,QUI,15:20:00,17:00:00,P,2024-10-08 01:45:37.218110
0caeb121-6ff3-44c8-aced-400001e16fa8,c39e6077-6f14-411a-812a-cdab5d2a5cae,QUA,19:00:00,20:40:00,T,2024-10-08 01:45:37.218110
87355a20-6254-48cd-b7e6-275e694e3cbe,c39e6077-6f14-411a-812a-cdab5d2a5cae,SEX,19:00:00,20:40:00,P,2024-10-08 01:45:37.218110
03ec75e8-01d3-4f46-884f-542b8accd8a8,079f4649-491a-4471-b586-7ba1b63d2a95,SEG,19:00:00,20:40:00,T,2024-10-08 01:45:37.218110
dad64cb1-1081-4265-a4fb-d05c296f9a5f,079f4649-491a-4471-b586-7ba1b63d2a95,QUA,21:00:00,22:40:00,P,2024-10-08 01:45:37.218110
2d01f7d0-afad-4383-b29d-52f0ffd7e1d4,2e3a7a02-8329-47c7-9437-df7e37574f29,SEG,15:20:00,17:00:00,T,2024-10-08 01:45:37.218110
990b04d9-d1bc-44d1-8d68-85d8e945b614,2e3a7a02-8329-47c7-9437-df7e37574f29,QUA,13:30:00,15:10:00,P,2024-10-08 01:45:37.218110
34146f3e-37e7-4968-b7c4-09721686553d,8cba62de-a078-42e4-9b54-64fc28d7e671,QUA,19:00:00,20:40:00,T,2024-10-08 01:45:37.218110
f20b4f0a-0810-4311-b98c-54d5bd562985,99f86b5c-3027-49dd-a5b3-3ad27b1fa931,TER,21:00:00,22:40:00,T,2024-10-08 01:45:37.218110
eabeac13-3d64-43ae-84ac-c2713351d8cb,99f86b5c-3027-49dd-a5b3-3ad27b1fa931,QUI,19:00:00,19:50:00,T,2024-10-08 01:45:37.218110
1403ac3d-ed07-447d-8f7d-05ddb61842a4,99f86b5c-3027-49dd-a5b3-3ad27b1fa931,QUI,19:50:00,20:40:00,P,2024-10-08 01:45:37.218110
d213b19d-af08-4871-b17b-e497c6b8e06a,f71ff252-673b-4d7e-82b4-eaef76c95b36,TER,21:00:00,22:40:00,T,2024-10-08 01:45:37.218110
c7ee7dfc-c775-4792-88cf-a7bba5600d00,f71ff252-673b-4d7e-82b4-eaef76c95b36,QUI,17:10:00,18:00:00,P,2024-10-08 01:45:37.218110
a16ed36d-077c-41ee-a18d-b0ad2f56a5b0,f71ff252-673b-4d7e-82b4-eaef76c95b36,QUI,19:00:00,19:50:00,T,2024-10-08 01:45:37.218110
aeef1a9d-e10b-4859-bfe5-cc7d999678d3,62549a4d-1542-472d-b8e4-8e6468a9b1c8,SEG,13:30:00,15:10:00,T,2024-10-08 01:45:37.218110
fa7846a7-1ba7-4524-b528-245ad9f1912f,62549a4d-1542-472d-b8e4-8e6468a9b1c8,QUA,15:20:00,16:10:00,T,2024-10-08 01:45:37.218110
2e8bfaec-4494-45a3-9c32-4c1825598652,62549a4d-1542-472d-b8e4-8e6468a9b1c8,QUA,16:10:00,17:00:00,P,2024-10-08 01:45:37.218110
7fa54453-893f-4aef-86ae-b7d4c1971bac,76376a49-2007-4ec8-9615-0476c881b678,SEG,13:30:00,15:10:00,T,2024-10-08 01:45:37.218110
6b12d72a-4df4-47d3-bc2e-06b1f7d9c645,76376a49-2007-4ec8-9615-0476c881b678,QUA,15:20:00,16:10:00,T,2024-10-08 01:45:37.218110
6198084f-de3d-41bb-bece-0c45da47ad42,76376a49-2007-4ec8-9615-0476c881b678,QUA,17:10:00,18:00:00,P,2024-10-08 01:45:37.218110
8d570489-efe3-4f35-84af-670f1148b4a0,455416b3-7647-456a-a7e2-c8f075ac1e61,SEG,21:00:00,22:40:00,T,2024-10-08 01:45:37.218110
8ef85524-4758-42a8-b7ab-6baa667fa597,a8a439e2-87d4-4f57-9c1e-36ee6dbe6d9d,QUA,21:00:00,22:40:00,T,2024-10-08 01:45:37.218110
61d81e19-5107-42b4-b31b-91d67f945106,a8a439e2-87d4-4f57-9c1e-36ee6dbe6d9d,SEX,19:00:00,20:40:00,T,2024-10-08 01:45:37.218110
f604a802-1bdf-42c0-8c7b-1586d801fa52,062e823d-e57d-4811-bb62-6555a7829099,QUA,15:20:00,17:00:00,T,2024-10-08 01:45:37.218110
a00921c4-462d-48bc-a0f6-40be7d942646,062e823d-e57d-4811-bb62-6555a7829099,SEX,15:20:00,17:00:00,T,2024-10-08 01:45:37.218110
725b2a58-2d63-41b8-856b-7d8655ad937f,0925ecbc-ee57-4ad9-b6dd-df248c0eb8dd,QUA,15:20:00,17:00:00,T,2024-10-08 01:45:37.218110
60d4f93f-02d6-43dc-a16d-b61baa384b0e,0925ecbc-ee57-4ad9-b6dd-df248c0eb8dd,SEX,13:30:00,15:10:00,T,2024-10-08 01:45:37.218110
d19f263f-6853-40cd-86d1-d2dbc13fe7bf,37af784a-acfc-423b-9f80-c7b0b0e63092,TER,15:20:00,16:10:00,T,2024-10-08 01:45:37.218110
6cf9da08-28b6-456e-be1a-e1aa734f74de,37af784a-acfc-423b-9f80-c7b0b0e63092,TER,16:10:00,17:00:00,P,2024-10-08 01:45:37.218110
8f8f24f0-4026-468e-8058-5d40ce56db20,37af784a-acfc-423b-9f80-c7b0b0e63092,QUI,13:30:00,15:10:00,T,2024-10-08 01:45:37.218110
c5a515a4-34b2-4e70-a01d-c87cc55ab01d,561d8931-e92f-4d2e-93e1-e6dacb24c91e,TER,15:20:00,16:10:00,T,2024-10-08 01:45:37.218110
b3d54a21-121a-48af-ace4-5cff035b7b77,561d8931-e92f-4d2e-93e1-e6dacb24c91e,TER,17:10:00,18:00:00,P,2024-10-08 01:45:37.218110
df01e955-543c-4111-8a79-fb7b93244cdd,561d8931-e92f-4d2e-93e1-e6dacb24c91e,QUI,13:30:00,15:10:00,T,2024-10-08 01:45:37.218110
de678b2f-33ab-467a-97e9-660f8899873a,9f6c7f7a-92e3-4701-9dc3-627aa687f4a2,SEG,21:00:00,22:40:00,T,2024-10-08 01:45:37.218110
ffdcb13d-7b57-436c-aa66-4429e6d35de1,9f6c7f7a-92e3-4701-9dc3-627aa687f4a2,QUI,19:00:00,19:50:00,T,2024-10-08 01:45:37.218110
17cf45f9-d0e1-4f07-a764-12e240a59947,9f6c7f7a-92e3-4701-9dc3-627aa687f4a2,QUI,19:50:00,20:40:00,P,2024-10-08 01:45:37.218110
d5a61ed7-b482-496d-b767-7c3d1fd987a7,8fc9fde5-49f0-44da-bcc4-22f264a48629,SEG,21:00:00,22:40:00,T,2024-10-08 01:45:37.218110
a6e5422e-dd89-4c20-bf6a-2331b2302649,8fc9fde5-49f0-44da-bcc4-22f264a48629,QUI,17:10:00,18:00:00,P,2024-10-08 01:45:37.218110
77d92000-6206-4286-9a21-d3512e9d5073,8fc9fde5-49f0-44da-bcc4-22f264a48629,QUI,19:00:00,19:50:00,T,2024-10-08 01:45:37.218110
1b0032b5-a73c-46b3-a256-c3e3d70cef54,86112d3b-103a-43d9-bf14-d4fe7fbacb84,TER,19:00:00,20:40:00,T,2024-10-08 01:45:37.218110
9500e8ff-362f-493b-be4a-5dabcad518d7,86112d3b-103a-43d9-bf14-d4fe7fbacb84,SEX,21:00:00,22:40:00,T,2024-10-08 01:45:37.218110
076d2ff5-8efc-421b-8060-3e1db7656fd3,49ae4877-ab36-46ec-9f1b-708a6f840399,TER,15:20:00,17:00:00,T,2024-10-08 01:45:37.218110
1f83065f-1fd0-4bde-9402-6439df357100,49ae4877-ab36-46ec-9f1b-708a6f840399,QUI,15:20:00,17:00:00,P,2024-10-08 01:45:37.218110
4d36ddc4-ff3e-45da-b643-d13f61139cf9,ebcb96bf-7aa5-49c9-aa6d-c50c25bcd4be,TER,19:00:00,20:40:00,P,2024-10-08 01:45:37.218110
9651beeb-5f23-4c34-b2f5-a804b2c01534,ebcb96bf-7aa5-49c9-aa6d-c50c25bcd4be,QUI,21:00:00,22:40:00,T,2024-10-08 01:45:37.218110
110afcff-dc25-4347-9734-15c385e7323a,e0890867-8de0-42bc-90ca-cf2f38e52471,TER,17:10:00,18:00:00,P,2024-10-08 01:45:37.218110
3524b3f1-d707-4615-b67e-8799a639d0c8,e0890867-8de0-42bc-90ca-cf2f38e52471,TER,19:00:00,19:50:00,P,2024-10-08 01:45:37.218110
22bc4d2f-2a2e-4647-9b65-3c50229372fa,e0890867-8de0-42bc-90ca-cf2f38e52471,QUI,21:00:00,22:40:00,T,2024-10-08 01:45:37.218110
28df8456-641a-417a-bff5-2484c996bf43,aa9de93a-fa41-4233-96a8-aeb9b55dc202,SEG,19:00:00,19:50:00,T,2024-10-08 01:45:37.218110
927b9556-5148-41f4-8ecf-46ff20ff5e9e,aa9de93a-fa41-4233-96a8-aeb9b55dc202,SEG,19:50:00,20:40:00,P,2024-10-08 01:45:37.218110
8c93d3e9-b2da-4da8-bb40-f618ef1c9f9f,aa9de93a-fa41-4233-96a8-aeb9b55dc202,QUI,21:00:00,22:40:00,T,2024-10-08 01:45:37.218110
69c02949-56c0-4a61-b4d7-5419386b91cf,30be3518-cf80-4b1c-8ecb-3e5305bd293a,SEG,17:10:00,18:00:00,P,2024-10-08 01:45:37.218110
b107551b-328e-442d-9d3f-2ea16b4f0300,30be3518-cf80-4b1c-8ecb-3e5305bd293a,SEG,19:00:00,19:50:00,T,2024-10-08 01:45:37.218110
3955b5b6-a92b-4d8e-a899-81a748fee601,30be3518-cf80-4b1c-8ecb-3e5305bd293a,QUI,21:00:00,22:40:00,T,2024-10-08 01:45:37.218110
d50c4493-9beb-4434-a572-b37508369154,ad2b583e-7d12-4513-8ff3-65c83249752c,TER,21:00:00,22:40:00,T,2024-10-08 01:45:37.218110
1d791cc2-5776-4312-9f0c-0b6ba8ecf798,ad2b583e-7d12-4513-8ff3-65c83249752c,SEX,21:00:00,21:50:00,T,2024-10-08 01:45:37.218110
70a61d14-d2d1-458e-aa6a-7b1335c8aba2,ad2b583e-7d12-4513-8ff3-65c83249752c,SEX,21:50:00,22:40:00,P,2024-10-08 01:45:37.218110
aad20580-17cf-41e7-b805-7cf4d9767da4,cd51271e-d76a-4c16-8aaf-31e8b9434b0d,SEG,21:00:00,22:40:00,T,2024-10-08 01:45:37.218110
0fcdb307-d0da-45db-9429-42c30fdb36ce,cd51271e-d76a-4c16-8aaf-31e8b9434b0d,QUA,19:00:00,19:50:00,T,2024-10-08 01:45:37.218110
d50952fe-dc2e-41d1-8699-32b006b6ada5,cd51271e-d76a-4c16-8aaf-31e8b9434b0d,QUA,19:50:00,20:40:00,P,2024-10-08 01:45:37.218110
62c83dc2-4565-40c8-b5aa-0ecea0462a33,17a045e5-5a8c-49c9-9e5c-5525dfca6c37,TER,13:30:00,15:10:00,T,2024-10-08 01:45:37.218110
70442b64-e158-43fc-b371-238ed6ebf020,17a045e5-5a8c-49c9-9e5c-5525dfca6c37,SEX,13:30:00,15:10:00,T,2024-10-08 01:45:37.218110
1622e23d-94a9-4034-afd0-83249b62ad4a,3399f765-1291-478e-8bfe-c2926083ab48,SEG,21:00:00,22:40:00,T,2024-10-08 01:45:37.218110
7d0bbc8e-8605-485a-92f6-38c1c6ed29f3,3399f765-1291-478e-8bfe-c2926083ab48,QUA,19:00:00,20:40:00,P,2024-10-08 01:45:37.218110
21400855-396e-4e42-970a-e3cf35f59a65,db3a3109-6e4f-4164-96ac-88f956e5fc12,SEG,21:00:00,22:40:00,T,2024-10-08 01:45:37.218110
5d679331-13f7-49d4-8c3f-caf2851ef0bc,db3a3109-6e4f-4164-96ac-88f956e5fc12,QUA,17:10:00,18:00:00,P,2024-10-08 01:45:37.218110
793b699e-a551-4f08-a9c4-870bcd63c49f,db3a3109-6e4f-4164-96ac-88f956e5fc12,QUA,19:00:00,19:50:00,P,2024-10-08 01:45:37.218110
df8ec4a7-45ca-4fa9-b981-3d965be1e1a1,d8e054e6-becf-4520-bc5d-026bc3c2be02,SEG,15:20:00,17:00:00,T,2024-10-08 01:45:37.218110
18224755-af7b-4fb2-8aa4-635278545a65,d8e054e6-becf-4520-bc5d-026bc3c2be02,QUA,13:30:00,15:10:00,P,2024-10-08 01:45:37.218110
83b7dc8e-b369-47b9-8e37-e12d300ffd2e,a54ec6c3-bd48-4220-9247-2f2a17c629a7,TER,15:20:00,17:00:00,T,2024-10-08 01:45:37.218110
e2df85e5-fc24-4d8f-9291-2f7508d266bc,a54ec6c3-bd48-4220-9247-2f2a17c629a7,QUI,13:30:00,14:20:00,T,2024-10-08 01:45:37.218110
461e7d40-973a-4dfe-8389-ae3824ad72e8,a54ec6c3-bd48-4220-9247-2f2a17c629a7,QUI,14:20:00,15:10:00,P,2024-10-08 01:45:37.218110
e1c5f081-093e-4bbd-b551-5eb44e25e9be,6c4bf989-4b0b-4f2a-be51-87905335c076,QUA,13:30:00,15:10:00,T,2024-10-08 01:45:37.218110
99a0b427-a9ff-4ea0-a933-570a02014e80,6c4bf989-4b0b-4f2a-be51-87905335c076,SEX,15:20:00,16:10:00,T,2024-10-08 01:45:37.218110
610ab2da-b2ca-4345-a7b6-b178486c50d4,6c4bf989-4b0b-4f2a-be51-87905335c076,SEX,16:10:00,17:00:00,P,2024-10-08 01:45:37.218110
eb997e67-20a5-41cb-a4ab-86d21ed192bc,1bb6cded-5855-4c28-868b-8f7a32784c9c,QUA,19:00:00,20:40:00,T,2024-10-08 01:45:37.218110
dd4aa371-aad8-44ad-bfe9-767c108cd469,1bb6cded-5855-4c28-868b-8f7a32784c9c,SEX,21:00:00,21:50:00,T,2024-10-08 01:45:37.218110
f27970a9-83b7-4d5e-bd65-c0772849f0c8,1bb6cded-5855-4c28-868b-8f7a32784c9c,SEX,21:50:00,22:40:00,P,2024-10-08 01:45:37.218110
8f8c0467-2a2e-4811-809b-be9f9965f267,44e0ac9b-5c36-4674-b232-1e33fd3d94cf,SEG,19:00:00,20:40:00,T,2024-10-08 01:45:37.218110
1a882d0e-09d7-4cf3-a76e-6a6aa9ae7b12,44e0ac9b-5c36-4674-b232-1e33fd3d94cf,QUI,19:00:00,20:40:00,T,2024-10-08 01:45:37.218110
e8ffacc8-3c36-4c82-9ba5-f18f3a0f1c13,14081d00-e7ce-4146-8679-8761c9afc256,SEG,21:00:00,22:40:00,T,2024-10-08 01:45:37.218110
26de8979-8c36-4a57-947f-6a2c8a29c583,14081d00-e7ce-4146-8679-8761c9afc256,QUI,19:00:00,20:40:00,P,2024-10-08 01:45:37.218110
c1e293b0-2ba1-47c3-9c92-4c4f34bb40cd,4029d5fa-f2d5-4d62-93fc-745858a2f952,SEG,15:20:00,17:00:00,T,2024-10-08 01:45:37.218110
6571ebb9-242c-40a7-93df-0747f5c5856e,4029d5fa-f2d5-4d62-93fc-745858a2f952,QUA,13:30:00,15:10:00,T,2024-10-08 01:45:37.218110
cb6f6bf8-b7df-429f-97aa-f05a1ac0d98d,9af7c81c-61e4-4bec-a840-2471c2dc6729,SEG,19:00:00,20:40:00,P,2024-10-08 01:45:37.218110
ab157799-340f-4b51-b4fa-401d4bf6647e,9af7c81c-61e4-4bec-a840-2471c2dc6729,QUA,19:00:00,20:40:00,P,2024-10-08 01:45:37.218110
88f25f46-4a93-4da2-91f5-b1a267a4d9ec,4d5cb88a-e988-45f7-aa2c-8bf4b30f742f,TER,17:10:00,18:50:00,P,2024-10-08 01:45:37.218110
9a32b7de-7740-49da-bdfb-f7ab4cb94e00,4d5cb88a-e988-45f7-aa2c-8bf4b30f742f,SEX,17:10:00,18:50:00,P,2024-10-08 01:45:37.218110
9f9229f9-7058-4c47-afc3-f2912c0aba49,10349227-f4f0-41f8-a33c-5a68d3a2cb4a,TER,15:20:00,17:00:00,T,2024-10-08 01:45:37.218110
af206f23-dec0-44bb-8cba-b7bc42b0042a,10349227-f4f0-41f8-a33c-5a68d3a2cb4a,SEX,15:20:00,17:00:00,T,2024-10-08 01:45:37.218110
157bc5a0-47f9-4f93-addf-55bb3581b77d,8a40c268-a524-4fe5-abbd-a9268c8fb981,QUI,21:00:00,22:40:00,T,2024-10-08 01:45:37.218110
e17a7a25-0c50-4826-a4b6-8b3bce2fbf12,1d549b35-35d6-4a83-89c3-0a7f505957dc,QUA,17:10:00,18:50:00,T,2024-10-08 01:45:37.218110
d95b08a9-ef73-4c16-9c87-c52252f37cf9,da9c25f0-b232-4f53-9f20-b912884dc42b,QUA,17:10:00,18:50:00,T,2024-10-08 01:45:37.218110
41a7d4ab-3170-49c1-98e1-1ab7d29f2d42,da9c25f0-b232-4f53-9f20-b912884dc42b,SEX,17:10:00,18:00:00,T,2024-10-08 01:45:37.218110
c20191d2-9921-455c-a15c-c9a8304d62f6,da9c25f0-b232-4f53-9f20-b912884dc42b,SEX,18:00:00,18:50:00,P,2024-10-08 01:45:37.218110
7fd477a2-2512-47ed-931b-360ed6856480,91cf46ab-df6c-4847-89c7-6ff1f6186e29,QUA,15:20:00,17:00:00,T,2024-10-08 01:45:37.218110
636ab31d-f215-4058-8187-16233c5eb6b5,91cf46ab-df6c-4847-89c7-6ff1f6186e29,SEX,13:30:00,14:20:00,T,2024-10-08 01:45:37.218110
710efcd7-3eb6-4691-bac1-e595c1e55349,91cf46ab-df6c-4847-89c7-6ff1f6186e29,SEX,14:20:00,15:10:00,P,2024-10-08 01:45:37.218110
96c5aa58-abad-455c-ac2b-b8125fccc33c,a9ac1684-a3e4-4d61-8a4c-4ac3a3628324,TER,19:00:00,20:40:00,T,2024-10-08 01:45:37.218110
6340a535-3c14-4a8f-b04c-0cedc10aa653,a9ac1684-a3e4-4d61-8a4c-4ac3a3628324,QUI,17:10:00,18:00:00,T,2024-10-08 01:45:37.218110
76356628-4681-4456-85c6-d777ce1250b3,a9ac1684-a3e4-4d61-8a4c-4ac3a3628324,QUI,18:00:00,18:50:00,P,2024-10-08 01:45:37.218110
f42bce5e-318b-4b3e-9bce-19a6516e74c8,4e7ffced-8b4b-4626-a8e4-8fd68e014514,TER,19:00:00,20:40:00,T,2024-10-08 01:45:37.218110
89bf4cb9-ca31-414b-bb71-6449662c563e,4e7ffced-8b4b-4626-a8e4-8fd68e014514,QUI,21:00:00,22:40:00,T,2024-10-08 01:45:37.218110
016e209b-e97f-48ef-b3f3-dfbf6e0e6062,e5e3bf10-eb0e-4a50-bf08-ec1cdc26da08,SEG,13:30:00,15:10:00,T,2024-10-08 01:45:37.218110
7b9329f6-dafa-4be9-90c0-f1730eb60d15,e5e3bf10-eb0e-4a50-bf08-ec1cdc26da08,QUI,15:20:00,16:10:00,T,2024-10-08 01:45:37.218110
e92b2218-a6ce-489e-9565-4b9b322b6831,e5e3bf10-eb0e-4a50-bf08-ec1cdc26da08,QUI,16:10:00,17:00:00,P,2024-10-08 01:45:37.218110
8e3c642a-64a8-4ee4-8811-f8ba41516ff6,793f21a6-7af8-4839-b57e-a5690ef2d355,QUA,15:20:00,17:00:00,T,2024-10-08 01:45:37.218110
723477da-4715-4b04-a971-c3545b3b6ac3,793f21a6-7af8-4839-b57e-a5690ef2d355,SEX,13:30:00,15:10:00,T,2024-10-08 01:45:37.218110
fb5b9868-d93a-4123-97bf-dbec581d111b,a3acc8e7-0dc3-49be-97c6-a8cfdf737991,SEG,19:00:00,20:40:00,T,2024-10-08 01:45:37.218110
8aee6a8b-de19-45a4-a72b-0707a0cd27e8,a3acc8e7-0dc3-49be-97c6-a8cfdf737991,QUA,21:00:00,21:50:00,T,2024-10-08 01:45:37.218110
09d26914-a307-45dc-8801-a6061dbd5e94,a3acc8e7-0dc3-49be-97c6-a8cfdf737991,QUA,21:50:00,22:40:00,P,2024-10-08 01:45:37.218110
edc4530e-ba60-49b5-beb3-ec68343defa1,93352a94-586f-49ac-8cb7-3690738331d5,SEG,13:30:00,15:10:00,T,2024-10-08 01:45:37.218110
4a082eaa-7d7e-4041-8974-e29d4473e8de,93352a94-586f-49ac-8cb7-3690738331d5,QUI,15:20:00,17:00:00,T,2024-10-08 01:45:37.218110
5030b450-f37c-4eb2-91a7-275723b47946,eee122e4-6350-41d4-b64c-97f53ea6b3cc,SEG,19:00:00,20:40:00,T,2024-10-08 01:45:37.218110
a0bdfb4d-6053-4e79-ae43-1f0fcf9992e2,eee122e4-6350-41d4-b64c-97f53ea6b3cc,QUA,21:00:00,22:40:00,T,2024-10-08 01:45:37.218110
0f3b6d48-098b-408a-9fe4-727675573797,2978b42c-a75c-4447-aee4-340f5f54561a,QUA,15:20:00,17:00:00,T,2024-10-08 01:45:37.218110
3e50d514-17a2-4597-80e4-fe32eed0cb49,2978b42c-a75c-4447-aee4-340f5f54561a,SEX,13:30:00,14:20:00,T,2024-10-08 01:45:37.218110
584cecbd-9bc6-4f12-95f4-2033a9cb1eb1,2978b42c-a75c-4447-aee4-340f5f54561a,SEX,14:20:00,15:10:00,P,2024-10-08 01:45:37.218110
b4f27176-ef73-458b-82e1-bf4bc7d0db19,69d712f3-8efe-4f21-a25b-437bbc096a38,SEG,21:00:00,22:40:00,T,2024-10-08 01:45:37.218110
c5e224f1-3b59-42c1-a11f-563b64264534,69d712f3-8efe-4f21-a25b-437bbc096a38,QUA,19:00:00,20:40:00,P,2024-10-08 01:45:37.218110
cb4bbc0d-6bdb-4e5a-bf1b-155a63b146b0,4e2c5b36-f51d-4930-9cb3-ac325f40a072,TER,19:00:00,20:40:00,T,2024-10-08 01:45:37.218110
e3a06437-33ac-42c9-8284-2e5d522534d6,4e2c5b36-f51d-4930-9cb3-ac325f40a072,QUI,21:00:00,22:40:00,P,2024-10-08 01:45:37.218110
99c34102-86c3-468c-9399-cd13203878b1,d503dff2-b93c-411d-995e-ad1b62756de5,QUA,21:00:00,22:40:00,T,2024-10-08 01:45:37.218110
03b0bb37-b00c-472a-b08c-ed51e80fb08b,d503dff2-b93c-411d-995e-ad1b62756de5,SEX,19:00:00,20:40:00,T,2024-10-08 01:45:37.218110
3f9f9622-ba3a-4863-b71c-275ae6ffc5f3,24b12358-5350-416b-82b1-d2d595abb9fb,TER,13:30:00,15:10:00,T,2024-10-08 01:45:37.218110
dd4769b9-006b-4884-83d8-896a6833a63f,24b12358-5350-416b-82b1-d2d595abb9fb,QUI,15:20:00,16:10:00,T,2024-10-08 01:45:37.218110
1146e9b2-90f9-46fd-aefa-5b1346bf88b1,24b12358-5350-416b-82b1-d2d595abb9fb,QUI,16:10:00,17:00:00,P,2024-10-08 01:45:37.218110
cb27e235-5979-45a1-aba7-bfdb40185d65,9787e8eb-570e-416f-8877-09977a981f2a,SEG,13:30:00,15:10:00,T,2024-10-08 01:45:37.218110
65efec93-1dc3-42f0-a6d8-5f6c24a27b05,9787e8eb-570e-416f-8877-09977a981f2a,QUA,13:30:00,15:10:00,T,2024-10-08 01:45:37.218110
9a6e938a-d65b-4689-9674-15c9000bec7c,5c2b89ca-df4d-418d-8f86-b8ea9b2e91df,QUA,15:20:00,17:00:00,T,2024-10-08 01:45:37.218110
750cdad3-d9b5-43e3-bf06-374e1df44708,5c2b89ca-df4d-418d-8f86-b8ea9b2e91df,SEX,13:30:00,15:10:00,T,2024-10-08 01:45:37.218110
4992ccdb-fbd8-4634-8e0a-6750fb161642,7ce5a7a8-ea49-4794-88a3-8e3d295ed2fe,TER,13:30:00,15:10:00,T,2024-10-08 01:45:37.218110
7fb7345a-aa5f-41d3-9091-1cd422a31815,7ce5a7a8-ea49-4794-88a3-8e3d295ed2fe,QUI,13:30:00,15:10:00,T,2024-10-08 01:45:37.218110
7906c2ee-ae59-4c77-8c17-25ad2dde7f5f,92b83fc6-9671-49d7-a97a-f59e5e92cf3c,QUA,21:00:00,22:40:00,T,2024-10-08 01:45:37.218110
0c294fd9-8040-41d1-bb4f-d9096ed34f80,92b83fc6-9671-49d7-a97a-f59e5e92cf3c,SEX,19:00:00,20:40:00,T,2024-10-08 01:45:37.218110
cb4d3c74-21db-4e3f-b157-56a66c28f7c0,c525e661-c705-46fa-a78e-e1290fa08a8e,SEG,21:00:00,22:40:00,T,2024-10-08 01:45:37.218110
8e52d363-3285-476a-a0a2-0b7768cb4c81,c525e661-c705-46fa-a78e-e1290fa08a8e,QUI,19:00:00,20:40:00,T,2024-10-08 01:45:37.218110
a85e4af8-2307-41aa-8492-96b2e83e61b2,d3394071-a450-4cac-bbeb-23280c1359bb,TER,13:30:00,15:10:00,T,2024-10-08 01:45:37.218110
8b43a56a-4012-4d6e-9b30-7e62285f54fd,d3394071-a450-4cac-bbeb-23280c1359bb,QUI,13:30:00,15:10:00,T,2024-10-08 01:45:37.218110
667b0c8a-b570-458a-9c2f-c94beb6f4b53,421664c3-385d-4730-9687-8bbe3e3e8b17,TER,15:20:00,17:00:00,T,2024-10-08 01:45:37.218110
c0dc81c6-57d6-4ea1-9106-ea23cfbfa8a6,421664c3-385d-4730-9687-8bbe3e3e8b17,SEX,13:30:00,15:10:00,T,2024-10-08 01:45:37.218110
85505bdf-05e1-4548-b6b7-839bf68d7440,b18da405-7bb3-48bc-bfd2-29d11fbbdfaa,QUA,19:00:00,20:40:00,T,2024-10-08 01:45:37.218110
fac3a5b4-d20a-407f-8c2f-2cf2978dc68c,b18da405-7bb3-48bc-bfd2-29d11fbbdfaa,SEX,21:00:00,22:40:00,T,2024-10-08 01:45:37.218110
8de300b5-a9d4-407e-b603-8f429d65c857,0e5596aa-6718-4afa-ba4b-712f381d12e7,TER,13:30:00,15:10:00,T,2024-10-08 01:45:37.218110
7bc2d87a-5766-4502-9fd4-c1b62236c688,0e5596aa-6718-4afa-ba4b-712f381d12e7,SEX,13:30:00,15:10:00,T,2024-10-08 01:45:37.218110
0875c2b4-b98e-442d-b7b9-cb543807ef7f,c6d7cb55-7b7d-4b32-af14-f273d237a0cb,QUA,19:00:00,20:40:00,T,2024-10-08 01:45:37.218110
122ad3a3-8430-43cd-8fc5-3dbaf5fe7c9e,c6d7cb55-7b7d-4b32-af14-f273d237a0cb,SEX,21:00:00,22:40:00,T,2024-10-08 01:45:37.218110
9072b579-3287-4fcd-bb3b-38aec2285c3a,0368930a-689b-4856-ac87-fa28dce57e2f,SEG,15:20:00,17:00:00,T,2024-10-08 01:45:37.218110
bd59b26c-dc76-443c-83b8-f2cbfd5a741d,b96a5d27-2d84-495b-8ad8-b2af0e39c571,QUA,21:00:00,22:40:00,T,2024-10-08 01:45:37.218110
faecb529-7cef-4f92-ad41-3805a1f9a651,b96a5d27-2d84-495b-8ad8-b2af0e39c571,SEX,19:00:00,20:40:00,T,2024-10-08 01:45:37.218110
5ce94f2f-a0c7-4c79-93c6-f71ea6cefd14,e2a2836b-4af9-46d3-883b-e3e3aa1665d4,SEG,19:00:00,20:40:00,T,2024-10-08 01:45:37.218110
900cb2f8-7329-48eb-b8c7-1e2e370c579e,e2a2836b-4af9-46d3-883b-e3e3aa1665d4,QUI,21:00:00,22:40:00,P,2024-10-08 01:45:37.218110
ebb9ec62-3d42-4df9-b3ce-27055c3dacba,b2bfbb18-2491-467f-9969-16492692ae2a,TER,15:20:00,17:00:00,T,2024-10-08 01:45:37.218110
aba96812-11f1-4f0d-bf23-f70902e11cc4,b2bfbb18-2491-467f-9969-16492692ae2a,QUI,13:30:00,15:10:00,T,2024-10-08 01:45:37.218110
1c0a0e28-9e4a-4279-a9b3-25fbd4089d99,f2a4c4d3-b804-4dbf-8845-706267beda26,SEG,19:00:00,20:40:00,T,2024-10-08 01:45:37.218110
01c57c82-7a66-4900-855e-0640a5eca91e,f2a4c4d3-b804-4dbf-8845-706267beda26,QUI,21:00:00,22:40:00,T,2024-10-08 01:45:37.218110
b30657d6-6564-447a-bf4f-d65f9ab690b1,e1a9c981-217f-4c2b-a068-d8e0b06468a2,QUA,13:30:00,15:10:00,T,2024-10-08 01:45:37.218110
f113b1e1-66ed-4101-aa80-7ad9f9845ed6,e1a9c981-217f-4c2b-a068-d8e0b06468a2,SEX,15:20:00,17:00:00,T,2024-10-08 01:45:37.218110
d82bbc91-aa48-4173-9b74-98ab7932b625,c3540b82-2f7c-47ce-9600-8694ba155ac7,SEG,21:00:00,22:40:00,T,2024-10-08 01:45:37.218110
13ed0757-05e3-4e68-8ec8-cf6f7887b3d8,c3540b82-2f7c-47ce-9600-8694ba155ac7,QUA,21:00:00,22:40:00,T,2024-10-08 01:45:37.218110
da2f978e-b12b-4e01-a700-2741181d905f,e9be8076-1343-4e1f-87f3-9f915824c977,SEG,13:30:00,15:10:00,T,2024-10-08 01:45:37.218110
35666b02-bbc0-4435-9cdc-e288b4c3931a,e9be8076-1343-4e1f-87f3-9f915824c977,QUA,15:20:00,17:00:00,T,2024-10-08 01:45:37.218110
b856a607-cad5-43b4-bf90-ecfa2a612be0,e0339a10-2906-4338-87a7-b6055c71f6e0,TER,13:30:00,15:10:00,T,2024-10-08 01:45:37.218110
d96d9ae6-5ef0-4faf-9372-46f124e2ed2b,e0339a10-2906-4338-87a7-b6055c71f6e0,QUI,15:20:00,17:00:00,T,2024-10-08 01:45:37.218110
355d1c25-eac5-4764-aedb-8ca9d0281051,e79c215a-bb51-40d6-868c-c291b08a7726,QUA,13:30:00,15:10:00,T,2024-10-08 01:45:37.218110
17720781-8bdb-4545-a9d4-b76c7fb87cb9,e79c215a-bb51-40d6-868c-c291b08a7726,SEX,15:20:00,17:00:00,T,2024-10-08 01:45:37.218110
96a3e8cc-85da-496d-9a30-e23fa2f54953,29ee4b8a-3566-408b-9077-c145c29b3825,TER,21:00:00,22:40:00,T,2024-10-08 01:45:37.218110
67848db6-e811-4821-8128-c27566cc8ae5,29ee4b8a-3566-408b-9077-c145c29b3825,QUI,19:00:00,19:50:00,T,2024-10-08 01:45:37.218110
647d3332-4585-4133-8818-a6fb442766c9,29ee4b8a-3566-408b-9077-c145c29b3825,QUI,19:50:00,20:40:00,P,2024-10-08 01:45:37.218110
130df6b2-b8ae-4ce5-b5fa-4c846d735784,24527d87-9e48-4caf-acac-cbbfae62c37b,TER,21:00:00,22:40:00,T,2024-10-08 01:45:37.218110
ee5b8ae0-05c1-4eff-9e4e-200759c365d6,24527d87-9e48-4caf-acac-cbbfae62c37b,SEX,21:00:00,22:40:00,T,2024-10-08 01:45:37.218110
8bc577b9-bb3e-4640-bfc7-9febde751ed8,c7cb8284-3750-4f55-a295-ccd48a866dc0,TER,19:00:00,20:40:00,T,2024-10-08 01:45:37.218110
66d9d1c7-6bf8-490b-b1b5-4effe01f3366,c7cb8284-3750-4f55-a295-ccd48a866dc0,QUI,21:00:00,22:40:00,T,2024-10-08 01:45:37.218110
7532286f-229b-4339-b43a-9a395be611c6,e283b57c-4dca-4952-8783-b7c4bdc46904,SEG,19:00:00,20:40:00,T,2024-10-08 01:45:37.218110
81664aa2-66f2-4891-8321-bf7ed54de1fc,e283b57c-4dca-4952-8783-b7c4bdc46904,QUA,21:00:00,22:40:00,T,2024-10-08 01:45:37.218110
666ed2e3-6839-48e0-9cf4-0fbaa49593a6,81e72ad6-3145-4e53-a731-72c8d9932ddb,SEG,15:20:00,17:00:00,T,2024-10-08 01:45:37.218110
33d86091-cc27-41ab-9afa-aad8204ca4a1,81e72ad6-3145-4e53-a731-72c8d9932ddb,QUI,15:20:00,16:10:00,T,2024-10-08 01:45:37.218110
ef86c7ee-9fe3-4605-9ee0-c34331101a2d,81e72ad6-3145-4e53-a731-72c8d9932ddb,QUI,16:10:00,17:00:00,P,2024-10-08 01:45:37.218110
3a7ffe8f-11bf-4f68-a223-6dfb302246df,c6e6175a-d780-41f2-adfc-7c765a171274,SEG,15:20:00,17:00:00,T,2024-10-08 01:45:37.218110
7b78ce7c-9431-47e5-9516-b2124c717839,c6e6175a-d780-41f2-adfc-7c765a171274,QUI,15:20:00,16:10:00,T,2024-10-08 01:45:37.218110
8931fac5-a057-43d8-80ce-643248649cca,c6e6175a-d780-41f2-adfc-7c765a171274,QUI,16:10:00,17:00:00,P,2024-10-08 01:45:37.218110
617f721c-ade6-4926-8931-c91becacd09e,b611c059-a485-4483-baf5-4af353600164,TER,19:00:00,20:40:00,T,2024-10-08 01:45:37.218110
a32c497f-b285-492c-ba6d-aa10773daf77,b611c059-a485-4483-baf5-4af353600164,QUI,19:00:00,19:50:00,T,2024-10-08 01:45:37.218110
12681d00-f180-477c-880f-1de6eeb7fcea,b611c059-a485-4483-baf5-4af353600164,QUI,19:50:00,20:40:00,P,2024-10-08 01:45:37.218110
b33e01cc-a4b6-40e1-bef7-198791a8bd95,bd6f6b6b-2953-49d3-ae9d-0300e6e9d669,TER,15:20:00,17:00:00,T,2024-10-08 01:45:37.218110
1c82ad88-26c1-4134-950a-e62eebffc087,bd6f6b6b-2953-49d3-ae9d-0300e6e9d669,SEX,15:20:00,16:10:00,T,2024-10-08 01:45:37.218110
83688b58-c960-4ea7-98c3-f92230380b41,bd6f6b6b-2953-49d3-ae9d-0300e6e9d669,SEX,16:10:00,17:00:00,P,2024-10-08 01:45:37.218110
9d653b2a-cf1c-480b-a71d-d97c4e9749be,f31f5e14-5c17-4ba0-8f6c-b9b33a090e7e,TER,19:00:00,20:40:00,T,2024-10-08 01:45:37.218110
aa2be8fb-d79f-4b5a-9665-474d606ff946,f31f5e14-5c17-4ba0-8f6c-b9b33a090e7e,QUI,21:00:00,21:50:00,T,2024-10-08 01:45:37.218110
c5e874ec-5be1-4196-b9c3-5d01e3d13e02,f31f5e14-5c17-4ba0-8f6c-b9b33a090e7e,QUI,21:50:00,22:40:00,P,2024-10-08 01:45:37.218110
e93d32ce-a4d1-4501-9629-18c857f0a842,a8465a05-1615-4327-951c-439ffd131ad9,SEG,19:00:00,20:40:00,T,2024-10-08 01:45:37.218110
7f150de2-415c-4d6d-8080-f686b1bb92c6,a8465a05-1615-4327-951c-439ffd131ad9,QUA,21:00:00,22:40:00,T,2024-10-08 01:45:37.218110
e5b4b88b-0dbf-49c5-8fca-bc0766752992,e7c6cac7-a9e1-453a-8009-b24ae02439cb,TER,19:00:00,20:40:00,T,2024-10-08 01:45:37.218110
6b3e6de4-d6e0-4d60-947c-5154a09a2b99,e7c6cac7-a9e1-453a-8009-b24ae02439cb,QUI,21:00:00,22:40:00,T,2024-10-08 01:45:37.218110
a96a7185-2add-4b05-945b-a3c9f49ebfeb,96552c78-9f22-48bc-9a7e-a1be51c7f42a,SEG,21:00:00,22:40:00,T,2024-10-08 01:45:37.218110
3c3b1a78-b67c-47bc-a63f-6519d506a917,96552c78-9f22-48bc-9a7e-a1be51c7f42a,QUI,19:00:00,20:40:00,T,2024-10-08 01:45:37.218110
55ac1704-c57f-4d3c-a313-ad3106f8d5fe,8f4cb2d6-0848-46c6-9d9d-8b0ad8c44ca5,SEG,13:30:00,15:10:00,T,2024-10-08 01:45:37.218110
a2dfba79-bc8d-4370-9363-2da9ec4b0f87,8f4cb2d6-0848-46c6-9d9d-8b0ad8c44ca5,QUA,15:20:00,16:10:00,T,2024-10-08 01:45:37.218110
2631b0f6-c3f4-45e3-ab79-a05c3a630b50,8f4cb2d6-0848-46c6-9d9d-8b0ad8c44ca5,QUA,16:10:00,17:00:00,P,2024-10-08 01:45:37.218110
c5214f2f-1810-4310-a102-11eb91205712,ca28638f-1c72-4711-ace4-80c42cb06b1e,QUA,19:00:00,20:40:00,T,2024-10-08 01:45:37.218110
02d8c398-8e5b-485b-8593-1ebe1dccc284,ca28638f-1c72-4711-ace4-80c42cb06b1e,SEX,21:00:00,22:40:00,T,2024-10-08 01:45:37.218110
e6bdf3dd-4df5-450f-b999-d3d9a29f50a1,cf2c3f62-0bcc-444d-a1e1-acedc8a6d390,TER,21:00:00,22:40:00,T,2024-10-08 01:45:37.218110
9f293b50-266f-42f1-95cf-19ad3eb5e52d,cf2c3f62-0bcc-444d-a1e1-acedc8a6d390,SEX,19:00:00,20:40:00,T,2024-10-08 01:45:37.218110
cd414e8c-6839-498b-88db-7918167043bb,fca4f424-6d98-4394-a557-c01305698545,QUA,13:30:00,15:10:00,T,2024-10-08 01:45:37.218110
b31950ee-2222-4a14-9f9f-39f15a7d465c,fca4f424-6d98-4394-a557-c01305698545,SEX,15:20:00,17:00:00,T,2024-10-08 01:45:37.218110
58059f34-2ea9-427b-988d-68da99ec9633,558f56fe-9e45-4532-8e13-01ae76cd4bef,QUA,13:30:00,15:10:00,T,2024-10-08 01:45:37.218110
1f16b08b-d876-4c21-b250-013143568354,558f56fe-9e45-4532-8e13-01ae76cd4bef,SEX,15:20:00,17:00:00,T,2024-10-08 01:45:37.218110
0aaf50ce-9587-4792-9993-ec294df72f7c,c2d5d2db-813b-4180-a714-bf0201349187,SEG,15:20:00,17:00:00,T,2024-10-08 01:45:37.218110
5a39b911-91e9-4536-b6fc-9a230e5595e9,c2d5d2db-813b-4180-a714-bf0201349187,QUI,15:20:00,17:00:00,P,2024-10-08 01:45:37.218110
77edb77c-e654-4219-856f-78045e19d7ac,93696bd6-e74d-4435-85e5-c22c9c8c7804,SEG,09:20:00,11:00:00,T,2024-10-08 01:45:37.218110
b2393f34-5d06-46ef-940d-8926eec7ef80,93696bd6-e74d-4435-85e5-c22c9c8c7804,SEX,19:00:00,20:40:00,T,2024-10-08 01:45:37.218110
4275117e-67ae-4df8-9f64-c53a93962cd5,39e66a21-9620-4930-ba43-c9fd3c267624,SEG,19:00:00,20:40:00,T,2024-10-08 01:45:37.218110
3aa3213a-6f5e-4ce7-a720-d6bfcc444e9a,39e66a21-9620-4930-ba43-c9fd3c267624,SEG,21:00:00,22:40:00,P,2024-10-08 01:45:37.218110
d30dae14-7a4d-4756-841e-2abb317fb781,9c33874c-ee1a-4473-a03a-9bf6509b001a,SAB,07:30:00,09:10:00,T,2024-10-08 01:45:37.218110
82275ac2-9b60-4347-ac05-233bb10fca83,5116db3e-0614-430a-88b3-feadbeeb008c,SAB,17:10:00,18:50:00,T,2024-10-08 01:45:37.218110
01d44c46-447e-4285-89d7-4ed37414aa5d,86c2b40b-a56e-4c07-b761-ae6a94a8a81a,SAB,21:00:00,21:50:00,P,2024-10-08 01:45:37.218110
7a3e6551-09a0-4353-aba8-2c8167e6543b,86c2b40b-a56e-4c07-b761-ae6a94a8a81a,SAB,21:50:00,22:40:00,T,2024-10-08 01:45:37.218110
28dca7b8-c58c-4cdb-9ebd-e7d572d5e4be,fcff3113-d87d-4ca6-8bff-80fdf122eb7d,SAB,21:00:00,21:50:00,T,2024-10-08 01:45:37.218110
4eb3e07a-e8ef-4fe7-95d4-cdc717583eea,fcff3113-d87d-4ca6-8bff-80fdf122eb7d,SAB,21:50:00,22:40:00,P,2024-10-08 01:45:37.218110
448bee4e-060a-4d9f-a626-2a5f75a37485,af9ae627-0b0b-41de-90af-45398dd47ab4,SAB,21:00:00,21:50:00,T,2024-10-08 01:45:37.218110
d68b99e2-c358-44bd-87b6-34ca08c798e2,af9ae627-0b0b-41de-90af-45398dd47ab4,SAB,21:50:00,22:40:00,P,2024-10-08 01:45:37.218110
