id,discipline_id,period,mandatory,course_id,created_at
06fe7b0b-4adb-40c2-a1b1-fa008ac78443,48ca3c95-0828-4814-9035-df8d4111b28f,1,True,275cdc83-793a-4b43-8ea4-71d36f3889cc,2024-10-08 01:45:38.676884
fe3ae419-d44e-40f5-9a80-0c93c5bd51aa,f833a75c-1965-4069-8775-e4bb5d006201,1,True,275cdc83-793a-4b43-8ea4-71d36f3889cc,2024-10-08 01:45:38.676884
9b5f323d-68e0-4bb8-a27a-e45d8829fbb4,317e0ff7-f8e7-410f-ac1c-1996aca19cdc,1,True,275cdc83-793a-4b43-8ea4-71d36f3889cc,2024-10-08 01:45:38.676884
38c6c9ef-1594-4647-b447-6a7dc651418e,83e64630-7e72-466d-ae87-5c829156214a,1,True,275cdc83-793a-4b43-8ea4-71d36f3889cc,2024-10-08 01:45:38.676884
8d86fb8e-9f97-4ab6-a224-e3d9c3912dc9,f39bb8f2-8503-4ca8-9dee-50e63029daff,1,True,275cdc83-793a-4b43-8ea4-71d36f3889cc,2024-10-08 01:45:38.676884
dfd9676b-e9dc-4632-87d9-7301e69277fc,39bc0e43-356e-4800-9f73-4312bf579d5e,1,True,275cdc83-793a-4b43-8ea4-71d36f3889cc,2024-10-08 01:45:38.676884
0257bfa6-cbd8-4855-9e64-ebc3a2502e1a,2ffc5cdf-b762-4840-9079-37c78a208659,1,True,275cdc83-793a-4b43-8ea4-71d36f3889cc,2024-10-08 01:45:38.676884
7780f143-5e7b-4a5f-9e00-896e2781bba6,967a101c-caa2-4624-841a-8420e14e6ea6,1,True,275cdc83-793a-4b43-8ea4-71d36f3889cc,2024-10-08 01:45:38.676884
a9e51040-405a-41d7-baae-f70556ce8f55,3eba971a-b4bc-4083-a6fc-3881ecec313c,2,True,275cdc83-793a-4b43-8ea4-71d36f3889cc,2024-10-08 01:45:38.676884
53311052-3035-417f-9d30-8c8f7a193542,2d4561f3-c551-4120-bd0c-82405d9c05b6,2,True,275cdc83-793a-4b43-8ea4-71d36f3889cc,2024-10-08 01:45:38.676884
8e7e171f-5d02-457f-a4b8-e2625905f30b,d0d19738-e880-42f9-978a-9b4d3500a5fd,2,True,275cdc83-793a-4b43-8ea4-71d36f3889cc,2024-10-08 01:45:38.676884
74aed459-18bb-44b9-998a-f12498047f45,b67c905a-fa41-464d-85bf-9c7322a6fded,2,True,275cdc83-793a-4b43-8ea4-71d36f3889cc,2024-10-08 01:45:38.676884
552534b1-c3d6-42b8-8c32-90d9e1067e33,a6788c0d-bc50-44bf-9bc8-d9dd8fead46c,2,True,275cdc83-793a-4b43-8ea4-71d36f3889cc,2024-10-08 01:45:38.676884
b0c9e64c-295f-4be8-a65d-f7fa0ae10085,0524f6f2-ec83-4e31-80b8-cbd9f553f22a,3,True,275cdc83-793a-4b43-8ea4-71d36f3889cc,2024-10-08 01:45:38.676884
c5ef3156-8790-4ea5-8eee-c92afa06fc13,29674383-f8e3-4106-b14f-a069c4ac6535,3,True,275cdc83-793a-4b43-8ea4-71d36f3889cc,2024-10-08 01:45:38.676884
e67aeb6a-e6b7-4da4-bb16-3f5ed5ec9786,7638f46d-1540-4fe9-8d7f-ee9ca6db97dc,3,True,275cdc83-793a-4b43-8ea4-71d36f3889cc,2024-10-08 01:45:38.676884
f3646d54-19d2-49e7-8e93-a4dd45217fee,f29edf0f-ed9a-4eab-9c8c-205085bc1827,3,True,275cdc83-793a-4b43-8ea4-71d36f3889cc,2024-10-08 01:45:38.676884
2715f8cd-3503-4969-975c-4ce7db0e81b5,2e719c57-8ffe-4f9d-ba83-044995acb04b,3,True,275cdc83-793a-4b43-8ea4-71d36f3889cc,2024-10-08 01:45:38.676884
a273c07f-4abe-4e88-896e-987c3ab0e182,ee323dd9-6d4d-44ff-aadd-e05fb8f01f98,4,True,275cdc83-793a-4b43-8ea4-71d36f3889cc,2024-10-08 01:45:38.676884
8c4dfa41-92b0-498c-a744-dfa4a9e4213e,dd998083-76a5-4658-850a-40c1fa2967ce,4,True,275cdc83-793a-4b43-8ea4-71d36f3889cc,2024-10-08 01:45:38.676884
1ec7d02f-a2cf-4fbd-80c2-016e48186900,e7c348f3-74c9-43ba-ae25-acec0299b16d,4,True,275cdc83-793a-4b43-8ea4-71d36f3889cc,2024-10-08 01:45:38.676884
a57bb24c-5729-499e-bca7-4a46299cc2f9,702ebfbe-5b1d-4137-b28d-6a5fafb6ce0c,4,True,275cdc83-793a-4b43-8ea4-71d36f3889cc,2024-10-08 01:45:38.676884
66f05de4-0293-4595-b47a-3809192e882f,7132200c-c880-44f1-9958-a9bd6bae747d,4,True,275cdc83-793a-4b43-8ea4-71d36f3889cc,2024-10-08 01:45:38.676884
0dc77244-73fa-4bea-8fea-de4f044dadbd,6c6bb804-ecd9-4652-bcb7-4682e6981561,5,True,275cdc83-793a-4b43-8ea4-71d36f3889cc,2024-10-08 01:45:38.676884
d8e9cd40-68b7-4544-9280-1de6ac7f1bb8,a1d82ac2-4123-40d9-bbfb-2fa4a7378a03,5,True,275cdc83-793a-4b43-8ea4-71d36f3889cc,2024-10-08 01:45:38.676884
c22f918d-766d-497e-bb30-7b82a93e9be4,5fdbbbfb-fc44-49a5-b6f4-fe29e16b7aab,5,True,275cdc83-793a-4b43-8ea4-71d36f3889cc,2024-10-08 01:45:38.676884
0a92ebab-b1ec-473e-906f-c2cf84a722fc,f1660f35-657c-4627-aba7-3684c063d07c,5,True,275cdc83-793a-4b43-8ea4-71d36f3889cc,2024-10-08 01:45:38.676884
fbe0ecf4-9ed9-41ff-ac9b-ea124bccdafa,788ca165-5d22-4b69-b114-de344564f9ef,5,True,275cdc83-793a-4b43-8ea4-71d36f3889cc,2024-10-08 01:45:38.676884
214cc08e-8dd7-4c98-b526-88958016a45c,3da7ef5e-8d4b-4fb9-b444-7b3a32c35076,6,True,275cdc83-793a-4b43-8ea4-71d36f3889cc,2024-10-08 01:45:38.676884
85b16b93-17ff-4358-9a05-91a4dffd4429,bf413dfd-9793-4b61-a903-6cfec28c0770,6,True,275cdc83-793a-4b43-8ea4-71d36f3889cc,2024-10-08 01:45:38.676884
1f28a3e6-13dc-4aa9-bb77-09f1e4738826,884fb56f-804a-4c77-b59a-ef681d10541d,6,True,275cdc83-793a-4b43-8ea4-71d36f3889cc,2024-10-08 01:45:38.676884
2c713ee9-0502-4ae8-b6cf-b553821020d3,a9e90d60-44d1-4795-9f80-fd7401690fd4,6,True,275cdc83-793a-4b43-8ea4-71d36f3889cc,2024-10-08 01:45:38.676884
989bdaf0-1faa-49bf-b0a9-a8f0c0919397,34bb269e-7523-49d0-a2c8-a8a0e387bb5b,6,True,275cdc83-793a-4b43-8ea4-71d36f3889cc,2024-10-08 01:45:38.676884
f3b77bdc-605b-4df8-8616-99fbd71c204a,0613f779-aebe-41a1-88c6-569c3a0d8640,7,True,275cdc83-793a-4b43-8ea4-71d36f3889cc,2024-10-08 01:45:38.676884
353705ad-1916-426f-a9e6-aa811cd4a875,5557f39f-5244-4e01-aa75-f48e28972610,7,True,275cdc83-793a-4b43-8ea4-71d36f3889cc,2024-10-08 01:45:38.676884
ed60c1e0-9e48-4467-939e-5e495f3596d9,8d5228a7-42ba-4b22-a842-e7d7aebc1d41,7,True,275cdc83-793a-4b43-8ea4-71d36f3889cc,2024-10-08 01:45:38.676884
1c2c97f5-ec41-4078-8c23-16b17628da4f,16d1d1d4-db58-429a-9216-585808b55b7d,7,True,275cdc83-793a-4b43-8ea4-71d36f3889cc,2024-10-08 01:45:38.676884
05310e86-558b-47d2-bcc9-eda81a561ea2,c72eea4c-67a1-4008-ba15-72de4115e3d1,7,True,275cdc83-793a-4b43-8ea4-71d36f3889cc,2024-10-08 01:45:38.676884
6153d804-de44-45cc-a8b9-514b85b9839b,e29e20c4-3293-4c3d-9479-af9a37d3426c,8,True,275cdc83-793a-4b43-8ea4-71d36f3889cc,2024-10-08 01:45:38.676884
b5345648-c409-4d6e-8ff3-fda50091c9ca,54f18a62-dad7-4bfe-bc79-daf18d7c21b7,8,True,275cdc83-793a-4b43-8ea4-71d36f3889cc,2024-10-08 01:45:38.676884
f41b703e-1882-4f7b-9937-3e57002febd9,ec54f334-9b9c-469d-9233-848e11de0b52,8,True,275cdc83-793a-4b43-8ea4-71d36f3889cc,2024-10-08 01:45:38.676884
7a0657ab-b57a-4e47-95c9-03090206deee,dc53b106-5070-46ef-98da-f3fc8b337bc9,8,True,275cdc83-793a-4b43-8ea4-71d36f3889cc,2024-10-08 01:45:38.676884
77986e73-2338-49e7-a2ac-98db9b6c3e69,c9fb8072-a2e9-4079-b3b0-6ffad7579710,8,True,275cdc83-793a-4b43-8ea4-71d36f3889cc,2024-10-08 01:45:38.676884
e534eaf2-5d9f-45c2-881f-a64c667971a0,9e625d54-aba8-4186-9b14-9a37c39a7ac5,9,True,275cdc83-793a-4b43-8ea4-71d36f3889cc,2024-10-08 01:45:38.676884
074dc3cc-3ccd-41a7-a137-3d872f017be3,39fc5cdb-d805-4220-a8a2-2f1a23a58935,9,True,275cdc83-793a-4b43-8ea4-71d36f3889cc,2024-10-08 01:45:38.676884
8d735013-e45b-44d6-98cd-76044a10e236,21436bbf-9092-4b4f-b2d8-c508c3a74d5b,9,True,275cdc83-793a-4b43-8ea4-71d36f3889cc,2024-10-08 01:45:38.676884
1cc6da15-9b40-441b-93e3-0b5a8e4c8031,c0bf7645-f6d6-4e7b-bb3f-fcb00940afa7,9,True,275cdc83-793a-4b43-8ea4-71d36f3889cc,2024-10-08 01:45:38.676884
d49ce3e7-07b5-491f-b4c5-4342a446017c,43836c31-4ffd-4604-847c-1e29f2dee06a,9,True,275cdc83-793a-4b43-8ea4-71d36f3889cc,2024-10-08 01:45:38.676884
69d11a56-ad7d-49c3-9a9b-d93597efb10b,71ce27fa-453f-4e75-a40d-7cc4c1dc3e04,10,True,275cdc83-793a-4b43-8ea4-71d36f3889cc,2024-10-08 01:45:38.676884
d2905195-14e4-46a7-a456-07e6900042e5,c6a2a911-17a8-4962-b20a-7f35eca62d1a,10,True,275cdc83-793a-4b43-8ea4-71d36f3889cc,2024-10-08 01:45:38.676884
6a6fa2b5-591a-4e81-afb7-1c82b11031fb,9d689889-6920-4cfd-bff6-85a1f6420b89,0,False,275cdc83-793a-4b43-8ea4-71d36f3889cc,2024-10-08 01:45:38.676884
a5af06c0-1f5d-47cb-b4b8-258e7d944e5f,a39ab03b-ba21-4881-8285-bf1079863528,0,False,275cdc83-793a-4b43-8ea4-71d36f3889cc,2024-10-08 01:45:38.676884
3f53ec16-c96e-4835-940b-2f28e005e315,c7fbf17e-926e-4abd-8ad4-e7214157166e,0,False,275cdc83-793a-4b43-8ea4-71d36f3889cc,2024-10-08 01:45:38.676884
82800f72-6b18-401b-bde1-1c07a5d5eb49,dd9d4241-6718-4543-a366-8cba0c985756,0,False,275cdc83-793a-4b43-8ea4-71d36f3889cc,2024-10-08 01:45:38.676884
f68f9026-b136-4ea5-a75b-75f159a97eeb,71504718-244a-4448-bbf1-be1814222972,0,False,275cdc83-793a-4b43-8ea4-71d36f3889cc,2024-10-08 01:45:38.676884
e0f5f4ed-4613-4f54-adc0-723c98accd71,e49fa815-ea01-42db-9922-4bac0814f5b6,0,False,275cdc83-793a-4b43-8ea4-71d36f3889cc,2024-10-08 01:45:38.676884
48ee998a-9845-4b8b-a049-160496acec55,1e5774eb-4d31-46ac-ae5b-c28803042874,0,False,275cdc83-793a-4b43-8ea4-71d36f3889cc,2024-10-08 01:45:38.676884
54293d02-83fd-4f4e-8bc8-e61e04e2cc40,3742c566-d310-497c-a793-ef0da6183698,0,False,275cdc83-793a-4b43-8ea4-71d36f3889cc,2024-10-08 01:45:38.676884
30d66afb-00fb-48b2-aa97-6923c6de79a6,c7c266bd-f054-4e6f-87d2-d2ce8f33edf2,0,False,275cdc83-793a-4b43-8ea4-71d36f3889cc,2024-10-08 01:45:38.676884
7b962057-851a-4287-bf36-044dbe937c72,fccbc454-5d74-466e-bcfe-5fd0704ce280,0,False,275cdc83-793a-4b43-8ea4-71d36f3889cc,2024-10-08 01:45:38.676884
eb14f94a-0116-421f-97c9-c186816191a7,ba457c9c-c16d-4213-8ac4-943440973574,0,False,275cdc83-793a-4b43-8ea4-71d36f3889cc,2024-10-08 01:45:38.676884
59a37f13-6085-4e86-abe2-34a4cf5bf42f,03ad01eb-5dad-4fb2-8d7c-e9c3f0072855,0,False,275cdc83-793a-4b43-8ea4-71d36f3889cc,2024-10-08 01:45:38.676884
55dd975a-3fac-4311-8379-bab2d51ea46c,396e9450-26ac-4784-a5cd-178f794731d0,0,False,275cdc83-793a-4b43-8ea4-71d36f3889cc,2024-10-08 01:45:38.676884
8637573a-48e8-483b-8aca-360c75309134,384f8ccf-a3a2-46a7-ae36-d518705cf3e3,0,False,275cdc83-793a-4b43-8ea4-71d36f3889cc,2024-10-08 01:45:38.676884
91528407-2388-41ff-8352-8d31d0b55532,849d62cc-b6db-4110-86ed-410e56f3f488,0,False,275cdc83-793a-4b43-8ea4-71d36f3889cc,2024-10-08 01:45:38.676884
790cadf2-e5d4-4ede-95c1-20c5812ecc66,080f8d81-ec0b-4a41-a737-bdd1cc933e44,0,False,275cdc83-793a-4b43-8ea4-71d36f3889cc,2024-10-08 01:45:38.676884
ed88a914-de4d-4b23-9e22-f7c872c8b2d5,df54dc78-f721-4e7b-af82-dc62e117afbd,0,False,275cdc83-793a-4b43-8ea4-71d36f3889cc,2024-10-08 01:45:38.676884
4bdcc5fe-27c2-4c3f-be39-278e1a18b8eb,5f9d43e8-c76f-4647-9608-6d14311a5089,0,False,275cdc83-793a-4b43-8ea4-71d36f3889cc,2024-10-08 01:45:38.676884
3603a3ca-85bf-4193-954f-98f24b15c295,76de32b9-c552-4bf7-b4ed-daa21579e066,0,False,275cdc83-793a-4b43-8ea4-71d36f3889cc,2024-10-08 01:45:38.676884
34620b05-e275-4977-a3cf-e49d75c95b61,9adbaac2-f15f-4b90-80f2-f0db2313c4e2,0,False,275cdc83-793a-4b43-8ea4-71d36f3889cc,2024-10-08 01:45:38.676884
c57ff855-35b6-4513-94c9-4219c74a4b04,70ebebfa-787e-479a-a36d-abf6dc2940a3,0,False,275cdc83-793a-4b43-8ea4-71d36f3889cc,2024-10-08 01:45:38.676884
4393c33e-5f8e-4815-a8aa-3a982562a283,c159da7b-8657-4a99-9828-5d43ab279c6e,0,False,275cdc83-793a-4b43-8ea4-71d36f3889cc,2024-10-08 01:45:38.676884
bf84c2e6-8c73-4e1e-b0b5-ae80d37e400c,66aae4e3-6a3f-44d4-b026-cb216e7dc6c2,0,False,275cdc83-793a-4b43-8ea4-71d36f3889cc,2024-10-08 01:45:38.676884
e15dcb10-3a7c-45cc-8c02-7f88ed448068,859137bc-dc32-48db-8704-00e25ea78f2a,0,False,275cdc83-793a-4b43-8ea4-71d36f3889cc,2024-10-08 01:45:38.676884
d946862d-d470-432a-b028-2aa61fb23711,cc5e93c1-5046-444a-b3f1-4d7169dd0e67,0,False,275cdc83-793a-4b43-8ea4-71d36f3889cc,2024-10-08 01:45:38.676884
a7f3149e-08bd-4cd2-aaf9-e3b2b7f1112b,f32146eb-18e3-46a9-a3c5-0e14b4a9138a,0,False,275cdc83-793a-4b43-8ea4-71d36f3889cc,2024-10-08 01:45:38.676884
5a3d6eb2-cb89-4079-beb9-647137136d58,e41b4a9c-8928-4466-875f-60610f9bfeff,0,False,275cdc83-793a-4b43-8ea4-71d36f3889cc,2024-10-08 01:45:38.676884
bf089bde-bfaa-47f7-ba73-7e3347dd3e74,7225819e-fb4a-4e92-a5f2-08d6fca34594,0,False,275cdc83-793a-4b43-8ea4-71d36f3889cc,2024-10-08 01:45:38.676884
4f3caaf9-5b0a-41b9-b204-b56df964fb21,4775fcb7-3484-4090-b422-645e6d4ef0a8,0,False,275cdc83-793a-4b43-8ea4-71d36f3889cc,2024-10-08 01:45:38.676884
33c38f69-8d20-4fd4-9f34-710cac1c038e,78fe180d-128c-4f76-91c2-6419fcb08536,0,False,275cdc83-793a-4b43-8ea4-71d36f3889cc,2024-10-08 01:45:38.676884
2f22123f-6b70-4c8b-a619-04b5090378da,a47b2c32-09b3-48a4-8222-f18220069b37,0,False,275cdc83-793a-4b43-8ea4-71d36f3889cc,2024-10-08 01:45:38.676884
22c1d652-9a16-403e-897c-038f7b65eb65,bc1a0ab0-a8b0-44ec-8890-b31122b2b858,0,False,275cdc83-793a-4b43-8ea4-71d36f3889cc,2024-10-08 01:45:38.676884
ed532609-a854-4b59-b3a2-9a4b786d0265,5589dd1c-eddf-4483-8e9c-6a66c0199819,0,False,275cdc83-793a-4b43-8ea4-71d36f3889cc,2024-10-08 01:45:38.676884
918e0782-6d2b-43cf-85b9-7470baf9ef55,b94a403e-f4f4-424d-8378-c498183badf0,0,False,275cdc83-793a-4b43-8ea4-71d36f3889cc,2024-10-08 01:45:38.676884
83292c28-3ca6-4f72-b3b9-990d0b58e034,77e554dd-ddfb-4c69-93e2-ebcfb330042b,0,False,275cdc83-793a-4b43-8ea4-71d36f3889cc,2024-10-08 01:45:38.676884
666348c5-612e-4253-8dd0-789cb1d7fdee,b396a254-1144-442d-8186-6341f893adbf,0,False,275cdc83-793a-4b43-8ea4-71d36f3889cc,2024-10-08 01:45:38.676884
763ec0c6-3c4c-4b13-a028-cddd331d15b2,0230a9b5-e77a-4585-8c8a-4aa9bca7903a,0,False,275cdc83-793a-4b43-8ea4-71d36f3889cc,2024-10-08 01:45:38.676884
3859b182-b8ec-40fe-93cf-8a11eab327e1,5bb1c7e2-599e-4a75-95b0-77484385dbbf,0,False,275cdc83-793a-4b43-8ea4-71d36f3889cc,2024-10-08 01:45:38.676884
2415f435-656e-4708-934b-3c7da3cae5fa,3f7fd7d4-a003-4e05-a1af-ac0289235595,0,False,275cdc83-793a-4b43-8ea4-71d36f3889cc,2024-10-08 01:45:38.676884
f20ca51e-e3c7-4349-bbf1-633cf47f29f4,867ffcb7-3ea7-461c-b9f4-3149781a70a7,0,False,275cdc83-793a-4b43-8ea4-71d36f3889cc,2024-10-08 01:45:38.676884
f4f76b39-1fad-4542-94bd-f6232cd55d61,95fd4f53-b57b-43b7-bc3e-cfa899d3d397,0,False,275cdc83-793a-4b43-8ea4-71d36f3889cc,2024-10-08 01:45:38.676884
89e096a9-bb69-4aa3-afa2-7adc32d17d77,fe20d3b6-6ec9-47f9-859c-ba5ba8801c13,0,False,275cdc83-793a-4b43-8ea4-71d36f3889cc,2024-10-08 01:45:38.676884
723460f8-b9e7-4787-b671-4a59e1aea0cf,e7461c82-8c94-468b-ab14-ff375344b7f8,0,False,275cdc83-793a-4b43-8ea4-71d36f3889cc,2024-10-08 01:45:38.676884
1135d649-e0de-482a-8914-47c0a524f366,d22c3b1b-4bdc-41ea-93b0-1b9f6baf44e9,0,False,275cdc83-793a-4b43-8ea4-71d36f3889cc,2024-10-08 01:45:38.676884
ecc549fe-92d0-4140-92e0-5e6edcd6be33,2f9cdc5f-1b56-4e90-9563-8775f1ff3a00,0,False,275cdc83-793a-4b43-8ea4-71d36f3889cc,2024-10-08 01:45:38.676884
d5d77ec4-23ca-480c-bbc9-7eeb2aafc61a,99a78bb8-4574-4851-93d5-f0b91d6fa016,0,False,275cdc83-793a-4b43-8ea4-71d36f3889cc,2024-10-08 01:45:38.676884
d1308d29-75f8-41ce-b4a6-81484a98f962,d7994874-2986-4f14-9659-f33174cc8919,0,False,275cdc83-793a-4b43-8ea4-71d36f3889cc,2024-10-08 01:45:38.676884
63426979-2128-4344-86a5-7bee9b014756,458672f8-abab-46b2-9937-f8ec95672909,0,False,275cdc83-793a-4b43-8ea4-71d36f3889cc,2024-10-08 01:45:38.676884
c88d752f-abda-4517-b8df-f53dfeebcc89,c2f20f39-2130-4415-af8a-c8747c2bf101,0,False,275cdc83-793a-4b43-8ea4-71d36f3889cc,2024-10-08 01:45:38.676884
3563dd4f-b4b7-4359-a2ee-6ab9920c44a9,d0cc6920-7541-4c66-a198-4f6a53a185df,0,False,275cdc83-793a-4b43-8ea4-71d36f3889cc,2024-10-08 01:45:38.676884
c622d53c-751c-457f-ae4f-edb31198acd5,064f1f0f-b81d-469f-8c94-ee062dab0203,0,False,275cdc83-793a-4b43-8ea4-71d36f3889cc,2024-10-08 01:45:38.676884
93742208-58de-4b23-b249-3a068c515e41,eb54fe2b-3102-4579-b5cf-5f3c6b1338b9,0,False,275cdc83-793a-4b43-8ea4-71d36f3889cc,2024-10-08 01:45:38.676884
decff0ce-b2bc-4e2b-9756-9f17196f6d82,ee8c77e5-de14-4aed-9cab-80804a60d14e,0,False,275cdc83-793a-4b43-8ea4-71d36f3889cc,2024-10-08 01:45:38.676884
847060c1-57f8-4b97-bc40-f9ec7b0b8a64,f56e80b1-0360-4b71-8d07-ce2ea93f5eab,0,False,275cdc83-793a-4b43-8ea4-71d36f3889cc,2024-10-08 01:45:38.676884
67b04b17-2899-4044-b3ef-a93444086fc4,ab6f36df-86bf-4758-808f-4f2d11cca39e,0,False,275cdc83-793a-4b43-8ea4-71d36f3889cc,2024-10-08 01:45:38.676884
78b4389c-fffd-4f86-aef9-088524a92c85,3035762a-6603-433b-976f-a8e154e6235a,0,False,275cdc83-793a-4b43-8ea4-71d36f3889cc,2024-10-08 01:45:38.676884
1f63a92b-eaec-4f53-be5e-5109457931a5,d8de593c-9146-4c3a-a771-d0e40a32f95f,0,False,275cdc83-793a-4b43-8ea4-71d36f3889cc,2024-10-08 01:45:38.676884
2e6c522c-3140-4e8c-acac-f8eb9cb76526,f1c8a78d-2a68-413a-8d46-e055b0bd7bb6,0,False,275cdc83-793a-4b43-8ea4-71d36f3889cc,2024-10-08 01:45:38.676884
fbbd2908-44ee-4312-b330-6c1fb431e4e0,2525410b-9ed6-4f9c-99fa-f8bc2a85316e,0,False,275cdc83-793a-4b43-8ea4-71d36f3889cc,2024-10-08 01:45:38.676884
b59ffa8f-63ba-420c-a903-bb4fe320c5aa,f34caaf7-0f7b-47c5-830a-ff2bb5733937,0,False,275cdc83-793a-4b43-8ea4-71d36f3889cc,2024-10-08 01:45:38.676884
06a41e1c-dd01-44ab-8687-f0697726db3a,2af92d63-fe48-4b7b-9086-67ae52001716,0,False,275cdc83-793a-4b43-8ea4-71d36f3889cc,2024-10-08 01:45:38.676884
9329d03f-a8d1-4f48-bd9a-97094c4b0a0d,9799e74e-724d-4628-b943-9d1dfd692276,0,False,275cdc83-793a-4b43-8ea4-71d36f3889cc,2024-10-08 01:45:38.676884
c7014d78-ac9b-4a02-90cd-5ab5c6ab5397,e12a896c-8c2a-4fc0-b43f-d6ef969c35ca,0,False,275cdc83-793a-4b43-8ea4-71d36f3889cc,2024-10-08 01:45:38.676884
a9013572-42d2-445f-8823-7fa362d3c4ae,10ed1e00-957e-4af3-a9df-00189095f94c,0,False,275cdc83-793a-4b43-8ea4-71d36f3889cc,2024-10-08 01:45:38.676884
7c946c42-07c8-4d01-a4a2-518645c9877f,f7e76c9e-088a-43a5-8ae0-15cdb76e3e54,0,False,275cdc83-793a-4b43-8ea4-71d36f3889cc,2024-10-08 01:45:38.676884
02d77d8e-0bd9-43b7-b621-6bc6931cb485,1ff308f5-b8b9-497f-b757-2fca1e87f2ea,0,False,275cdc83-793a-4b43-8ea4-71d36f3889cc,2024-10-08 01:45:38.676884
1dcf54df-881d-423b-aa71-ee2bf6768979,d78eeaa9-66aa-4464-8136-c2d29c78b4ed,0,False,275cdc83-793a-4b43-8ea4-71d36f3889cc,2024-10-08 01:45:38.676884
1e6fc360-0c86-418a-9b07-cb60426d7b5c,3674fb3e-44ec-4225-b993-aa08ae294a79,0,False,275cdc83-793a-4b43-8ea4-71d36f3889cc,2024-10-08 01:45:38.676884
4a4716e1-5a24-4e15-b363-11fae20ccd0c,45f27e79-463d-47c5-97ee-afc883c3308c,0,False,275cdc83-793a-4b43-8ea4-71d36f3889cc,2024-10-08 01:45:38.676884
4db24bf0-63d8-4335-a49e-3079ab4f6699,c9b1bb15-3db9-4e2b-a9bc-7e8090dbb330,0,False,275cdc83-793a-4b43-8ea4-71d36f3889cc,2024-10-08 01:45:38.676884
8ad11332-edb0-40fe-9ef6-03195b16f692,2b1e52a7-d43a-4986-817b-aa1fa8957eb9,0,False,275cdc83-793a-4b43-8ea4-71d36f3889cc,2024-10-08 01:45:38.676884
cc6c3d64-6c45-4a98-8931-9de4de6b97c0,dc523968-c497-4dc1-a8c5-aa01e8c0e336,0,False,275cdc83-793a-4b43-8ea4-71d36f3889cc,2024-10-08 01:45:38.676884
101d3730-94ba-41fa-8d43-3205ea1144fe,084f0ec1-9f6d-4b05-b8e8-8616e3c8f092,0,False,275cdc83-793a-4b43-8ea4-71d36f3889cc,2024-10-08 01:45:38.676884
d6f82444-db8c-41db-a0ea-8ad381cb5d90,7c9b9691-0410-4cf6-b362-51eac370606c,0,False,275cdc83-793a-4b43-8ea4-71d36f3889cc,2024-10-08 01:45:38.676884
69ab44ac-22e0-479d-811f-81012afc1d0c,053ebd57-542c-4cde-ab11-12b023706be0,0,False,275cdc83-793a-4b43-8ea4-71d36f3889cc,2024-10-08 01:45:38.676884
3c8285fe-8a0e-4442-a4f3-ca3f7d2e399f,6427742a-304a-4325-8827-f6b7a3f9f188,0,False,275cdc83-793a-4b43-8ea4-71d36f3889cc,2024-10-08 01:45:38.676884
0dafa5b0-d0f8-47ae-90b8-a4816fccf15e,d6b38428-b78f-4f76-80cf-be14857b0d0d,0,False,275cdc83-793a-4b43-8ea4-71d36f3889cc,2024-10-08 01:45:38.676884
0cbd81fd-d83b-47ed-8315-b4edec090931,bf17b6d8-4b9e-41f9-980d-9ffe463bbe3e,0,False,275cdc83-793a-4b43-8ea4-71d36f3889cc,2024-10-08 01:45:38.676884
a1f52d4d-3ce6-4dfa-b8a8-8106e87ffd9e,0c15530d-364e-4348-8dce-0c762d3290fc,0,False,275cdc83-793a-4b43-8ea4-71d36f3889cc,2024-10-08 01:45:38.676884
a018dd20-60f9-42b6-98dc-79ea8fed32f3,48ca3c95-0828-4814-9035-df8d4111b28f,1,True,781c1f2c-99be-4103-81d2-743e6aa49782,2024-10-08 01:45:40.055173
4ed1470a-7954-492b-b8d8-167be87d46fa,f833a75c-1965-4069-8775-e4bb5d006201,1,True,781c1f2c-99be-4103-81d2-743e6aa49782,2024-10-08 01:45:40.055173
5068773f-fba1-4d89-87a0-afe23940c311,317e0ff7-f8e7-410f-ac1c-1996aca19cdc,1,True,781c1f2c-99be-4103-81d2-743e6aa49782,2024-10-08 01:45:40.055173
2089b724-860e-43a2-9017-37625d171c5f,83e64630-7e72-466d-ae87-5c829156214a,1,True,781c1f2c-99be-4103-81d2-743e6aa49782,2024-10-08 01:45:40.055173
48f5f287-b1cf-46da-972d-3ff073b2ebee,98fc2efe-c40e-4175-b5de-52f877939f7d,1,True,781c1f2c-99be-4103-81d2-743e6aa49782,2024-10-08 01:45:40.055173
627e3bd1-8d16-42a1-8306-046a55e6d272,967a101c-caa2-4624-841a-8420e14e6ea6,1,True,781c1f2c-99be-4103-81d2-743e6aa49782,2024-10-08 01:45:40.055173
22492c73-06cf-4753-829a-71ef18e4eff7,3de88113-a8d8-4b43-9518-b068095d8bd7,1,True,781c1f2c-99be-4103-81d2-743e6aa49782,2024-10-08 01:45:40.055173
d2747c76-b66c-4e9c-842d-7dfa5d8ea0f0,ec9ef2eb-54c3-4414-bfc2-75f7ef5d7db7,1,True,781c1f2c-99be-4103-81d2-743e6aa49782,2024-10-08 01:45:40.055173
8103ca9d-5d70-4ce0-9ad8-833dbe55bba3,3eba971a-b4bc-4083-a6fc-3881ecec313c,2,True,781c1f2c-99be-4103-81d2-743e6aa49782,2024-10-08 01:45:40.055173
0bfc7898-8cb1-442d-b2a2-8e5909a3a431,2d4561f3-c551-4120-bd0c-82405d9c05b6,2,True,781c1f2c-99be-4103-81d2-743e6aa49782,2024-10-08 01:45:40.055173
4131c38f-cb1d-486d-aa0a-8d4594ba48e7,d0d19738-e880-42f9-978a-9b4d3500a5fd,2,True,781c1f2c-99be-4103-81d2-743e6aa49782,2024-10-08 01:45:40.055173
5feaaf73-ff68-4de4-9fa5-5c291d8bca3f,975c708c-f258-46b9-9931-32705170e1fc,2,True,781c1f2c-99be-4103-81d2-743e6aa49782,2024-10-08 01:45:40.055173
42e34efb-7130-48b6-b9a4-fd9a13f2d12d,f56e80b1-0360-4b71-8d07-ce2ea93f5eab,2,True,781c1f2c-99be-4103-81d2-743e6aa49782,2024-10-08 01:45:40.055173
9f47be7b-8eb4-47b9-ba18-bae757279660,0524f6f2-ec83-4e31-80b8-cbd9f553f22a,3,True,781c1f2c-99be-4103-81d2-743e6aa49782,2024-10-08 01:45:40.055173
fe460067-813e-486e-a844-e8cd3069339f,29674383-f8e3-4106-b14f-a069c4ac6535,3,True,781c1f2c-99be-4103-81d2-743e6aa49782,2024-10-08 01:45:40.055173
4d192b75-a12e-45a5-82fb-68bf8a57f153,7638f46d-1540-4fe9-8d7f-ee9ca6db97dc,3,True,781c1f2c-99be-4103-81d2-743e6aa49782,2024-10-08 01:45:40.055173
bb8a33ca-ddab-49a3-ae71-6f46ad34aa57,ee323dd9-6d4d-44ff-aadd-e05fb8f01f98,3,True,781c1f2c-99be-4103-81d2-743e6aa49782,2024-10-08 01:45:40.055173
eea88618-fd47-461f-ac57-0fd054642197,2e719c57-8ffe-4f9d-ba83-044995acb04b,3,True,781c1f2c-99be-4103-81d2-743e6aa49782,2024-10-08 01:45:40.055173
de755b79-354f-4d7f-b454-1a3fadc0f147,c7c266bd-f054-4e6f-87d2-d2ce8f33edf2,4,True,781c1f2c-99be-4103-81d2-743e6aa49782,2024-10-08 01:45:40.055173
6f851acc-c48f-40df-ae79-2ef9192742f2,6c6bb804-ecd9-4652-bcb7-4682e6981561,4,True,781c1f2c-99be-4103-81d2-743e6aa49782,2024-10-08 01:45:40.055173
37a75018-6b55-4d90-83a5-7cf87a1d94c9,a1d82ac2-4123-40d9-bbfb-2fa4a7378a03,4,True,781c1f2c-99be-4103-81d2-743e6aa49782,2024-10-08 01:45:40.055173
43373324-626d-43a2-8616-1fba5b72511d,f632dbd1-a011-4f7b-b48c-460ea479d2ec,4,True,781c1f2c-99be-4103-81d2-743e6aa49782,2024-10-08 01:45:40.055173
1e1df372-fb70-404b-8fb0-c52ee7e4b22a,702ebfbe-5b1d-4137-b28d-6a5fafb6ce0c,4,True,781c1f2c-99be-4103-81d2-743e6aa49782,2024-10-08 01:45:40.055173
75d4eb03-ae1a-4860-9a92-47cfc1713f9b,fccbc454-5d74-466e-bcfe-5fd0704ce280,5,True,781c1f2c-99be-4103-81d2-743e6aa49782,2024-10-08 01:45:40.055173
60ec6e8d-9b8f-4cdc-b067-74ea4caaef9a,2525410b-9ed6-4f9c-99fa-f8bc2a85316e,5,True,781c1f2c-99be-4103-81d2-743e6aa49782,2024-10-08 01:45:40.055173
8b4026bc-7639-494a-8e23-281390958d06,8e6a31fd-33aa-445a-af02-30a45493b392,5,True,781c1f2c-99be-4103-81d2-743e6aa49782,2024-10-08 01:45:40.055173
f0dcb2d4-ee03-40af-af37-070c42763a49,7132200c-c880-44f1-9958-a9bd6bae747d,5,True,781c1f2c-99be-4103-81d2-743e6aa49782,2024-10-08 01:45:40.055173
753788c6-6ebc-434e-b1cf-32f83e60fafa,f34caaf7-0f7b-47c5-830a-ff2bb5733937,5,True,781c1f2c-99be-4103-81d2-743e6aa49782,2024-10-08 01:45:40.055173
6cf496c9-4bc6-4131-9a79-f04266efd011,6fa25b22-ebc0-469c-ab52-268da36df2d9,6,True,781c1f2c-99be-4103-81d2-743e6aa49782,2024-10-08 01:45:40.055173
12ff8083-858b-44a9-9e10-6ac79f8c1f3f,3721052a-91f3-4508-955d-57c50e90b99c,6,True,781c1f2c-99be-4103-81d2-743e6aa49782,2024-10-08 01:45:40.055173
f69903d1-2c90-4b84-91ba-590e81ee899d,126e21e7-af4e-42aa-bb06-84426bffdd90,6,True,781c1f2c-99be-4103-81d2-743e6aa49782,2024-10-08 01:45:40.055173
4e2cdba9-e196-42e4-b250-c603e629bbe2,2af92d63-fe48-4b7b-9086-67ae52001716,6,True,781c1f2c-99be-4103-81d2-743e6aa49782,2024-10-08 01:45:40.055173
60d365d3-d3c5-4103-9d48-671a5262ec34,a9e90d60-44d1-4795-9f80-fd7401690fd4,6,True,781c1f2c-99be-4103-81d2-743e6aa49782,2024-10-08 01:45:40.055173
73a4a6fd-c756-4421-bef2-b00b00e6888d,5172d831-e76f-4c1c-ae13-cc62e0d69a4f,6,True,781c1f2c-99be-4103-81d2-743e6aa49782,2024-10-08 01:45:40.055173
1fca376c-68a4-49b1-97f3-ebb8242b26bc,5a18a52f-cb50-4323-9bb7-8fcca4cf4a46,6,True,781c1f2c-99be-4103-81d2-743e6aa49782,2024-10-08 01:45:40.055173
e452f0f6-4d5f-4faf-9280-686f646ac609,34bb269e-7523-49d0-a2c8-a8a0e387bb5b,6,True,781c1f2c-99be-4103-81d2-743e6aa49782,2024-10-08 01:45:40.055173
b99009be-7c31-4cdd-8f00-27a914175124,153523b9-2047-490e-b938-4b6ba18ac779,7,True,781c1f2c-99be-4103-81d2-743e6aa49782,2024-10-08 01:45:40.055173
be9414fa-925f-403e-b574-f6879c8b9bf9,ab6f36df-86bf-4758-808f-4f2d11cca39e,7,True,781c1f2c-99be-4103-81d2-743e6aa49782,2024-10-08 01:45:40.055173
707093e4-340f-4c5f-a02f-1a46a5c15e39,87fea269-9b71-49f0-823d-b61cf77c87bc,7,True,781c1f2c-99be-4103-81d2-743e6aa49782,2024-10-08 01:45:40.055173
ef091df1-4673-44a8-91b9-4d099f5f36f2,9799e74e-724d-4628-b943-9d1dfd692276,7,True,781c1f2c-99be-4103-81d2-743e6aa49782,2024-10-08 01:45:40.055173
95cc2b76-486c-4dc3-88be-4f7b8e33493a,b3857c1e-0295-41f9-b2b8-976611e58d40,7,True,781c1f2c-99be-4103-81d2-743e6aa49782,2024-10-08 01:45:40.055173
ea053577-c14a-4e56-a1be-5f16f25f14a5,c72eea4c-67a1-4008-ba15-72de4115e3d1,7,True,781c1f2c-99be-4103-81d2-743e6aa49782,2024-10-08 01:45:40.055173
65599bbd-9c27-4496-9765-8b033f7e1978,5450b5e7-9151-4109-8568-96e48b29d9b4,7,True,781c1f2c-99be-4103-81d2-743e6aa49782,2024-10-08 01:45:40.055173
a19f02ca-f615-4afb-a6fc-59b9591f2eb9,d8de593c-9146-4c3a-a771-d0e40a32f95f,8,True,781c1f2c-99be-4103-81d2-743e6aa49782,2024-10-08 01:45:40.055173
33a5d121-bf9d-42e8-a19d-c0774df2b287,0489cf47-063a-485f-a658-9de06bacc3be,8,True,781c1f2c-99be-4103-81d2-743e6aa49782,2024-10-08 01:45:40.055173
7d351582-66fc-42bb-8496-22c49f3eb93f,10ed1e00-957e-4af3-a9df-00189095f94c,8,True,781c1f2c-99be-4103-81d2-743e6aa49782,2024-10-08 01:45:40.055173
1c2526e6-5c58-47b9-a46c-dd4c4c5176fd,8f31b6ce-a4cd-4383-afe0-a9e89212cec4,9,True,781c1f2c-99be-4103-81d2-743e6aa49782,2024-10-08 01:45:40.055173
9b722017-eba0-4591-ad59-1f25004e9e01,3035762a-6603-433b-976f-a8e154e6235a,9,True,781c1f2c-99be-4103-81d2-743e6aa49782,2024-10-08 01:45:40.055173
d928416b-6af7-4e54-b7f1-105c2abae9ab,e12a896c-8c2a-4fc0-b43f-d6ef969c35ca,9,True,781c1f2c-99be-4103-81d2-743e6aa49782,2024-10-08 01:45:40.055173
641af628-0e1c-42e8-be4a-391bee5b02c8,507dcffe-f4dc-4b33-a442-841c38effb7b,9,True,781c1f2c-99be-4103-81d2-743e6aa49782,2024-10-08 01:45:40.055173
8370e2d9-0422-4672-9841-3e4755647fc0,740d0d28-8ffd-47c1-9323-2292bf9eb336,9,True,781c1f2c-99be-4103-81d2-743e6aa49782,2024-10-08 01:45:40.055173
0ce52d06-c1f4-4c43-9c56-589b816fb8e9,2dedd1bf-ed00-4277-b25b-c251483c5b3f,9,True,781c1f2c-99be-4103-81d2-743e6aa49782,2024-10-08 01:45:40.055173
70ed3443-4378-4c0a-80e0-9ccde5ace951,9e625d54-aba8-4186-9b14-9a37c39a7ac5,10,True,781c1f2c-99be-4103-81d2-743e6aa49782,2024-10-08 01:45:40.055173
52c69ba7-295b-48be-88be-6417250a4ab5,1c1e4309-84da-41b9-95a0-3cb9d5405a71,10,True,781c1f2c-99be-4103-81d2-743e6aa49782,2024-10-08 01:45:40.055173
9720f8d0-3d88-4412-bb8d-15405a3d25ad,b350611c-fb93-4124-9afc-14304e3d744b,10,True,781c1f2c-99be-4103-81d2-743e6aa49782,2024-10-08 01:45:40.055173
c44f6c97-1e0e-43bd-94c3-238b3b4b4816,496cf1d0-8be0-4a05-b387-d8afe1ebe39b,10,True,781c1f2c-99be-4103-81d2-743e6aa49782,2024-10-08 01:45:40.055173
b50216a9-db4e-4119-af71-1ca360d3942a,57b60362-6be6-4f9a-abac-cf8412254caf,10,True,781c1f2c-99be-4103-81d2-743e6aa49782,2024-10-08 01:45:40.055173
e295e21b-deee-49a4-9e9e-a052b49b80a8,8738deba-8eb9-4255-9e7e-1ee7f1c9df36,10,True,781c1f2c-99be-4103-81d2-743e6aa49782,2024-10-08 01:45:40.055173
9f942065-189e-4ee9-922a-9a5844751acf,95fd4f53-b57b-43b7-bc3e-cfa899d3d397,0,False,781c1f2c-99be-4103-81d2-743e6aa49782,2024-10-08 01:45:40.055173
fbbbcab9-496d-4d03-9342-2913bcafa82c,70ebebfa-787e-479a-a36d-abf6dc2940a3,0,False,781c1f2c-99be-4103-81d2-743e6aa49782,2024-10-08 01:45:40.055173
a2e1b23f-8f60-41b2-a760-8f8eec6ab760,f1c8a78d-2a68-413a-8d46-e055b0bd7bb6,0,False,781c1f2c-99be-4103-81d2-743e6aa49782,2024-10-08 01:45:40.055173
651a5997-5682-46be-b8fb-364709c5a519,08e814b8-611f-47a4-9d4b-0f3d45c35143,0,False,781c1f2c-99be-4103-81d2-743e6aa49782,2024-10-08 01:45:40.055173
39ef60e2-e2a3-4cb0-9483-f22cf3282792,f7e76c9e-088a-43a5-8ae0-15cdb76e3e54,0,False,781c1f2c-99be-4103-81d2-743e6aa49782,2024-10-08 01:45:40.055173
0b2df0ac-680b-4dfc-b362-b3343207c27a,1ff308f5-b8b9-497f-b757-2fca1e87f2ea,0,False,781c1f2c-99be-4103-81d2-743e6aa49782,2024-10-08 01:45:40.055173
b9529cd0-7262-4193-948d-8415cb45fa9e,d78eeaa9-66aa-4464-8136-c2d29c78b4ed,0,False,781c1f2c-99be-4103-81d2-743e6aa49782,2024-10-08 01:45:40.055173
901ae28a-4be8-44a7-9170-f5597e4695f7,3674fb3e-44ec-4225-b993-aa08ae294a79,0,False,781c1f2c-99be-4103-81d2-743e6aa49782,2024-10-08 01:45:40.055173
b4e379a6-2790-472f-9a9b-588653b8eb48,d4976cae-e0c7-420e-9a93-7001b039b02e,0,False,781c1f2c-99be-4103-81d2-743e6aa49782,2024-10-08 01:45:40.055173
86a5a99d-eba1-4570-9c76-a40181fd198b,2e69d244-d528-4fc5-8d7b-57abc41a4ed5,0,False,781c1f2c-99be-4103-81d2-743e6aa49782,2024-10-08 01:45:40.055173
79f51b6f-5791-4917-8f0b-3d107561bee4,6d99dc1e-d49d-4256-9173-1b3aeddba72d,0,False,781c1f2c-99be-4103-81d2-743e6aa49782,2024-10-08 01:45:40.055173
013df834-7d2e-4442-91a7-dc6b81ec627c,65423ec2-7b63-47ea-9093-c69c2d282d1a,0,False,781c1f2c-99be-4103-81d2-743e6aa49782,2024-10-08 01:45:40.055173
7c3bedb6-f40f-4126-9a6d-9ae375f01a2e,17c4306d-16ea-48c0-b63b-258c415305f5,0,False,781c1f2c-99be-4103-81d2-743e6aa49782,2024-10-08 01:45:40.055173
83a40e72-f34e-4f0f-90c8-ebfe713fe694,27b4a8ad-e70e-456f-b009-2ffba813ee46,0,False,781c1f2c-99be-4103-81d2-743e6aa49782,2024-10-08 01:45:40.055173
fc887857-6ab2-4a5d-9986-fa071c2fbd21,b6a496ae-751b-4d6a-a57b-1ca4ac00b335,0,False,781c1f2c-99be-4103-81d2-743e6aa49782,2024-10-08 01:45:40.055173
6ed8b362-346a-4692-a20d-9ddd73a48821,a920e7d1-2c38-4515-9be6-7889cc08466b,0,False,781c1f2c-99be-4103-81d2-743e6aa49782,2024-10-08 01:45:40.055173
736d29be-8241-4e32-925c-9d72a411794e,18a49abf-c16b-46cf-9093-c4d2d367b553,0,False,781c1f2c-99be-4103-81d2-743e6aa49782,2024-10-08 01:45:40.055173
a9775ca2-7f40-4fdd-904d-615597ef0501,829c3d7a-6938-4937-8f9b-78ec17fcf2f0,0,False,781c1f2c-99be-4103-81d2-743e6aa49782,2024-10-08 01:45:40.055173
f6bf3a73-a7db-4825-bf26-634731ec6a15,287d3cfc-0d94-41dc-b2cc-8b0cd13039ce,0,False,781c1f2c-99be-4103-81d2-743e6aa49782,2024-10-08 01:45:40.055173
d6a4d22b-c656-4c0e-95eb-db7d3b775357,48e63c83-aa1b-4ffe-ba0d-9d09a3a4622f,0,False,781c1f2c-99be-4103-81d2-743e6aa49782,2024-10-08 01:45:40.055173
ccdc625c-8ced-48ab-84f0-e4c701090f81,4e6a371e-b289-4767-9007-427ee5818227,0,False,781c1f2c-99be-4103-81d2-743e6aa49782,2024-10-08 01:45:40.055173
7fd98fe0-72af-4d6e-a7be-92b403e2ca79,95e4c80b-8a00-4e6f-9d1e-7be38ede44d3,0,False,781c1f2c-99be-4103-81d2-743e6aa49782,2024-10-08 01:45:40.055173
10fc9930-c8ad-4a33-976f-66a9a6589446,335467fa-e3a5-4ce5-8d50-a1a88325710d,0,False,781c1f2c-99be-4103-81d2-743e6aa49782,2024-10-08 01:45:40.055173
8c78095b-3d12-4977-8062-2923c063bbd0,5664a5e8-780f-4ca9-819b-34be3be2f1a6,0,False,781c1f2c-99be-4103-81d2-743e6aa49782,2024-10-08 01:45:40.055173
d5cdbdeb-aa7f-444a-a28d-220190acedc2,cade0619-845a-4ab0-a9d3-3e2b9adb2145,0,False,781c1f2c-99be-4103-81d2-743e6aa49782,2024-10-08 01:45:40.055173
dfde924c-850e-44ad-bc3e-32b7e2622b50,5cd3b3da-2f60-4652-ad11-dbf801768b7d,0,False,781c1f2c-99be-4103-81d2-743e6aa49782,2024-10-08 01:45:40.055173
239d64d4-fa19-420e-97f9-2efd7778b344,3c5ebf25-b37b-4a53-be44-2e111d0f246e,0,False,781c1f2c-99be-4103-81d2-743e6aa49782,2024-10-08 01:45:40.055173
27ac6ea3-e5d0-446e-8c9a-56f5aa08a8d9,00389b85-9bfe-4de5-8b49-b73f3a5b273a,0,False,781c1f2c-99be-4103-81d2-743e6aa49782,2024-10-08 01:45:40.055173
e643a0b5-c3bf-4a17-972e-a6955cdf6a90,c507478e-798f-41e6-8b0b-ef60e3cdbf67,0,False,781c1f2c-99be-4103-81d2-743e6aa49782,2024-10-08 01:45:40.055173
ec50910e-1d55-4f46-b882-ef0e2181ec24,d43a557b-1adf-4ec5-9c60-c05fe731fb35,0,False,781c1f2c-99be-4103-81d2-743e6aa49782,2024-10-08 01:45:40.055173
5a08ade2-918c-4e5e-97c2-0096524aafc4,9d8d6181-790d-455e-8f13-47e9eb927008,0,False,781c1f2c-99be-4103-81d2-743e6aa49782,2024-10-08 01:45:40.055173
01d77d73-54da-4e34-9dc6-1d2a7401d3cf,f08173da-a4ce-4149-a5a6-708883be7266,0,False,781c1f2c-99be-4103-81d2-743e6aa49782,2024-10-08 01:45:40.055173
811bfebe-c9a2-40b0-b139-c4c6c1f1ff0f,bcb09ad0-c88f-4d25-beca-b61573dbef32,0,False,781c1f2c-99be-4103-81d2-743e6aa49782,2024-10-08 01:45:40.055173
f440797a-ee4e-4e4c-b654-474acd41a446,1dbcfad5-867d-40c9-8567-649c16b9b4bb,0,False,781c1f2c-99be-4103-81d2-743e6aa49782,2024-10-08 01:45:40.055173
27a3c64d-6271-41cd-b9a3-c7428a3dd02e,45f27e79-463d-47c5-97ee-afc883c3308c,0,False,781c1f2c-99be-4103-81d2-743e6aa49782,2024-10-08 01:45:40.055173
38211f61-4ec1-4c23-8b9f-6d99865a8eab,c9b1bb15-3db9-4e2b-a9bc-7e8090dbb330,0,False,781c1f2c-99be-4103-81d2-743e6aa49782,2024-10-08 01:45:40.055173
694cf53e-80e1-435e-8128-9fe035b66575,2b1e52a7-d43a-4986-817b-aa1fa8957eb9,0,False,781c1f2c-99be-4103-81d2-743e6aa49782,2024-10-08 01:45:40.055173
2bedaff2-d8fb-49a0-b238-363c10e8fb31,dc523968-c497-4dc1-a8c5-aa01e8c0e336,0,False,781c1f2c-99be-4103-81d2-743e6aa49782,2024-10-08 01:45:40.055173
91ac60c1-a000-46ea-80c4-685ca1b3b8a9,084f0ec1-9f6d-4b05-b8e8-8616e3c8f092,0,False,781c1f2c-99be-4103-81d2-743e6aa49782,2024-10-08 01:45:40.055173
a0850e45-dafc-4d09-9722-a7897009651b,0c15530d-364e-4348-8dce-0c762d3290fc,0,False,781c1f2c-99be-4103-81d2-743e6aa49782,2024-10-08 01:45:40.055173
53baf827-1eb0-486d-8be9-3b6bbd623a69,6e862874-bb9e-46be-b515-40d7f84e24dc,0,False,781c1f2c-99be-4103-81d2-743e6aa49782,2024-10-08 01:45:40.055173
e8b676ac-5173-434a-9d44-1cc919e75e0b,37023928-468e-459a-a854-080016afad91,0,False,781c1f2c-99be-4103-81d2-743e6aa49782,2024-10-08 01:45:40.055173
658ad36e-570b-4fba-a274-a178e39d01c9,48ca3c95-0828-4814-9035-df8d4111b28f,1,True,db4fa158-cf65-40e2-9b6f-9b181f1aadd7,2024-10-08 01:45:41.282866
f2215b81-aed6-46cc-a28d-5dbca0f01806,f833a75c-1965-4069-8775-e4bb5d006201,1,True,db4fa158-cf65-40e2-9b6f-9b181f1aadd7,2024-10-08 01:45:41.282866
0cdf6b89-9193-4a7e-b984-f0fb2570db2c,317e0ff7-f8e7-410f-ac1c-1996aca19cdc,1,True,db4fa158-cf65-40e2-9b6f-9b181f1aadd7,2024-10-08 01:45:41.282866
725d4f08-0a3a-4943-902c-a2acbe0a30a8,83e64630-7e72-466d-ae87-5c829156214a,1,True,db4fa158-cf65-40e2-9b6f-9b181f1aadd7,2024-10-08 01:45:41.282866
c70c5af7-2ae5-4ffb-a5bf-bf067d841f74,57fdcb61-878a-4d27-b67c-ca82a7fbf53b,1,True,db4fa158-cf65-40e2-9b6f-9b181f1aadd7,2024-10-08 01:45:41.282866
5d3df085-542a-4815-ae9a-5cdf9d98bf04,e7e1aa9b-766e-458d-a29e-0be3659e2e0b,1,True,db4fa158-cf65-40e2-9b6f-9b181f1aadd7,2024-10-08 01:45:41.282866
04409f2a-fc5d-4bcd-8fbc-5d8a9ba21117,2765af10-9af7-4df7-9890-d8ede065485a,1,True,db4fa158-cf65-40e2-9b6f-9b181f1aadd7,2024-10-08 01:45:41.282866
14329c4e-f05f-4808-ac55-3afffcdc377b,3eba971a-b4bc-4083-a6fc-3881ecec313c,2,True,db4fa158-cf65-40e2-9b6f-9b181f1aadd7,2024-10-08 01:45:41.282866
1eebac7a-427e-408f-aaea-839675082ba7,d0d19738-e880-42f9-978a-9b4d3500a5fd,2,True,db4fa158-cf65-40e2-9b6f-9b181f1aadd7,2024-10-08 01:45:41.282866
d7967c96-a72b-46b1-aae2-b361acc519b4,69d57c62-f94b-4991-b63a-c439297af6f2,2,True,db4fa158-cf65-40e2-9b6f-9b181f1aadd7,2024-10-08 01:45:41.282866
94f53601-bafc-49b7-8101-637f596de617,6427742a-304a-4325-8827-f6b7a3f9f188,2,True,db4fa158-cf65-40e2-9b6f-9b181f1aadd7,2024-10-08 01:45:41.282866
14322c37-3af6-4726-a548-326912ca7008,030e51f6-4020-4125-a9a2-d7a518a4b5ee,2,True,db4fa158-cf65-40e2-9b6f-9b181f1aadd7,2024-10-08 01:45:41.282866
8562ccb3-753b-489c-860e-5b64f873ff81,0524f6f2-ec83-4e31-80b8-cbd9f553f22a,3,True,db4fa158-cf65-40e2-9b6f-9b181f1aadd7,2024-10-08 01:45:41.282866
7a450f74-4c2f-4889-9f6d-689e3d0d936e,25ecd0de-6b8a-417d-92bc-9c3d4791f747,3,True,db4fa158-cf65-40e2-9b6f-9b181f1aadd7,2024-10-08 01:45:41.282866
43029767-d10d-4990-b767-e451a62d243c,29674383-f8e3-4106-b14f-a069c4ac6535,3,True,db4fa158-cf65-40e2-9b6f-9b181f1aadd7,2024-10-08 01:45:41.282866
0a8881b4-7522-4cb1-84e3-45d6613a60f8,7638f46d-1540-4fe9-8d7f-ee9ca6db97dc,3,True,db4fa158-cf65-40e2-9b6f-9b181f1aadd7,2024-10-08 01:45:41.282866
1defe8df-4cd9-4d48-ac3e-2439fccc775b,d6b38428-b78f-4f76-80cf-be14857b0d0d,3,True,db4fa158-cf65-40e2-9b6f-9b181f1aadd7,2024-10-08 01:45:41.282866
2c05b896-9bd1-4226-915d-0277c9d6ed44,62a05fd8-2b39-4701-acb6-7cc0c4b9bdda,4,True,db4fa158-cf65-40e2-9b6f-9b181f1aadd7,2024-10-08 01:45:41.282866
9db7d1d7-f9a2-412a-842e-0f89c69169b4,23408e7b-c9fe-4c3f-9ce7-b385083f3fb9,4,True,db4fa158-cf65-40e2-9b6f-9b181f1aadd7,2024-10-08 01:45:41.282866
7cd0d0fc-9364-4df2-a9be-14fbe4f4e3a1,ee323dd9-6d4d-44ff-aadd-e05fb8f01f98,4,True,db4fa158-cf65-40e2-9b6f-9b181f1aadd7,2024-10-08 01:45:41.282866
15bceabd-0e69-42db-91d6-af3962faa5c7,21471e58-664d-4b37-adc5-038e89301f12,4,True,db4fa158-cf65-40e2-9b6f-9b181f1aadd7,2024-10-08 01:45:41.282866
6ae1df87-f64a-41d8-b9c4-dde0fc347206,2186039d-6683-4fc9-a5e1-1c08a6c95e35,4,True,db4fa158-cf65-40e2-9b6f-9b181f1aadd7,2024-10-08 01:45:41.282866
50fcd585-f03a-480b-98c9-e78864bbb1fb,c419fc49-8714-4675-96a9-656465122750,4,True,db4fa158-cf65-40e2-9b6f-9b181f1aadd7,2024-10-08 01:45:41.282866
9f117187-7893-4426-bb61-10e2f722dec3,ebfb57a2-a80d-4fc7-9333-03a2078f26db,5,True,db4fa158-cf65-40e2-9b6f-9b181f1aadd7,2024-10-08 01:45:41.282866
a5a85266-f004-4033-85e4-a22013ce697e,ad54a034-ae42-4bd5-b075-91f79d138926,5,True,db4fa158-cf65-40e2-9b6f-9b181f1aadd7,2024-10-08 01:45:41.282866
11349ee4-8a7e-4dbc-af63-29746a4fa9d5,053ebd57-542c-4cde-ab11-12b023706be0,5,True,db4fa158-cf65-40e2-9b6f-9b181f1aadd7,2024-10-08 01:45:41.282866
8af44249-ad43-4b7f-812d-dc0f342dbcec,1c5b9e2b-88d5-452a-85a6-b6f9197a1c76,5,True,db4fa158-cf65-40e2-9b6f-9b181f1aadd7,2024-10-08 01:45:41.282866
3d1e18b1-17c7-45b2-8c59-056a7aa41380,369b97da-92b5-4191-98a4-0d31156e570c,5,True,db4fa158-cf65-40e2-9b6f-9b181f1aadd7,2024-10-08 01:45:41.282866
a4702516-890e-44e2-a2eb-419375da957a,2db583d0-e5b1-4ff9-a817-e9fdf24bf48a,5,True,db4fa158-cf65-40e2-9b6f-9b181f1aadd7,2024-10-08 01:45:41.282866
29028532-2098-47d5-8f67-ff835e20a0c5,7c9b9691-0410-4cf6-b362-51eac370606c,6,True,db4fa158-cf65-40e2-9b6f-9b181f1aadd7,2024-10-08 01:45:41.282866
7ed5cc6e-706a-4f31-9a11-0e9c27fcfa7c,8f31cc1c-ac0b-4b44-bf11-620ee34b8dc6,6,True,db4fa158-cf65-40e2-9b6f-9b181f1aadd7,2024-10-08 01:45:41.282866
ac3dd242-7211-4a1f-a9a4-2135723cc097,97ffeea4-35b2-40fa-b3e9-9351669459be,6,True,db4fa158-cf65-40e2-9b6f-9b181f1aadd7,2024-10-08 01:45:41.282866
db1e03d9-3417-4b5e-bf04-ff8b63a7c6a4,b7338c40-7997-4d80-bd1a-8c7d593f2a72,6,True,db4fa158-cf65-40e2-9b6f-9b181f1aadd7,2024-10-08 01:45:41.282866
31357ce1-0cd3-4bf0-87ba-44850bdb73a7,3bdc2986-99c4-42d3-81eb-3e558d603cd5,6,True,db4fa158-cf65-40e2-9b6f-9b181f1aadd7,2024-10-08 01:45:41.282866
4e8cfc53-9bb1-4aa5-8e46-935aaf21f9f0,70f08711-92c0-4302-a672-5559a5414dfd,6,True,db4fa158-cf65-40e2-9b6f-9b181f1aadd7,2024-10-08 01:45:41.282866
2c1fb8c2-e185-46b8-86ba-e98013180c35,c6efc926-2633-4310-b10a-e1f79b146513,7,True,db4fa158-cf65-40e2-9b6f-9b181f1aadd7,2024-10-08 01:45:41.282866
0ce6cba1-a161-44bf-99e9-3fae2870d413,a848c6a0-ef68-4da7-8284-fc6b281bef21,7,True,db4fa158-cf65-40e2-9b6f-9b181f1aadd7,2024-10-08 01:45:41.282866
978c0e97-1ab3-44e7-ae9d-5be7995a7f04,f52580be-80e9-4a1b-a56f-ac9274ad7755,7,True,db4fa158-cf65-40e2-9b6f-9b181f1aadd7,2024-10-08 01:45:41.282866
f1eb331e-2d88-4ded-ade0-d82adfa02533,54f02139-46c9-4336-8bb5-fcf2d1b17ee3,7,True,db4fa158-cf65-40e2-9b6f-9b181f1aadd7,2024-10-08 01:45:41.282866
bbefa2ea-76a3-4c61-b633-831a11df6c09,307fbd3d-8610-48f4-8502-c937f073f6d2,7,True,db4fa158-cf65-40e2-9b6f-9b181f1aadd7,2024-10-08 01:45:41.282866
99a71edc-61fe-4008-a8c7-c460b927b148,139fdfe7-fabb-4db6-ada6-1a55033b0e48,8,True,db4fa158-cf65-40e2-9b6f-9b181f1aadd7,2024-10-08 01:45:41.282866
1b8de4da-3505-4785-b88e-0fe0a85ad3f6,dc8dcb1d-02a0-4b48-8723-c785960dec08,8,True,db4fa158-cf65-40e2-9b6f-9b181f1aadd7,2024-10-08 01:45:41.282866
c92163d0-a55d-42ce-b1a1-8d08c9de78df,2ec40546-4ef0-4768-931a-cbebe3d33389,8,True,db4fa158-cf65-40e2-9b6f-9b181f1aadd7,2024-10-08 01:45:41.282866
e8b42714-aa6b-4244-9210-e8249bde9d73,9d689889-6920-4cfd-bff6-85a1f6420b89,0,False,db4fa158-cf65-40e2-9b6f-9b181f1aadd7,2024-10-08 01:45:41.282866
7a9383be-73fb-4f3c-967d-8ec812a2ab04,a39ab03b-ba21-4881-8285-bf1079863528,0,False,db4fa158-cf65-40e2-9b6f-9b181f1aadd7,2024-10-08 01:45:41.282866
b0e291e6-ffac-4997-ac7f-d1d3aaf0da0a,c7fbf17e-926e-4abd-8ad4-e7214157166e,0,False,db4fa158-cf65-40e2-9b6f-9b181f1aadd7,2024-10-08 01:45:41.282866
48683cf7-50a7-4595-a027-f724e228d374,dd9d4241-6718-4543-a366-8cba0c985756,0,False,db4fa158-cf65-40e2-9b6f-9b181f1aadd7,2024-10-08 01:45:41.282866
8dcb1a6f-9092-4a70-a23b-583881f7bf50,71504718-244a-4448-bbf1-be1814222972,0,False,db4fa158-cf65-40e2-9b6f-9b181f1aadd7,2024-10-08 01:45:41.282866
5773c434-8669-4948-992b-11f3633a8318,e49fa815-ea01-42db-9922-4bac0814f5b6,0,False,db4fa158-cf65-40e2-9b6f-9b181f1aadd7,2024-10-08 01:45:41.282866
d300eadf-6d37-4ae2-a7a8-1b3f0b9a3642,1e5774eb-4d31-46ac-ae5b-c28803042874,0,False,db4fa158-cf65-40e2-9b6f-9b181f1aadd7,2024-10-08 01:45:41.282866
669a5489-c5a6-4bae-99e4-6d23bffa68f0,3742c566-d310-497c-a793-ef0da6183698,0,False,db4fa158-cf65-40e2-9b6f-9b181f1aadd7,2024-10-08 01:45:41.282866
71f7f2e1-0061-4d75-a451-be7387d5d42f,a86874d5-2801-4f1c-b409-36deb23b4ad1,0,False,db4fa158-cf65-40e2-9b6f-9b181f1aadd7,2024-10-08 01:45:41.282866
5d295bae-7290-439c-8e66-d130192c2dc1,6c6bb804-ecd9-4652-bcb7-4682e6981561,0,False,db4fa158-cf65-40e2-9b6f-9b181f1aadd7,2024-10-08 01:45:41.282866
e92b91bb-4b13-4778-afef-6ec61ffd748c,b67c905a-fa41-464d-85bf-9c7322a6fded,0,False,db4fa158-cf65-40e2-9b6f-9b181f1aadd7,2024-10-08 01:45:41.282866
1e70f665-5558-4097-baea-9f8e8a37cd5f,a6788c0d-bc50-44bf-9bc8-d9dd8fead46c,0,False,db4fa158-cf65-40e2-9b6f-9b181f1aadd7,2024-10-08 01:45:41.282866
68eba5c8-6cf9-43ea-bdd7-837111f98444,dd998083-76a5-4658-850a-40c1fa2967ce,0,False,db4fa158-cf65-40e2-9b6f-9b181f1aadd7,2024-10-08 01:45:41.282866
b2d534b5-0b39-4bc3-b615-4ac8c42f8dec,5fdbbbfb-fc44-49a5-b6f4-fe29e16b7aab,0,False,db4fa158-cf65-40e2-9b6f-9b181f1aadd7,2024-10-08 01:45:41.282866
87ca700f-473b-4745-87bc-024c5e63b3f7,bf413dfd-9793-4b61-a903-6cfec28c0770,0,False,db4fa158-cf65-40e2-9b6f-9b181f1aadd7,2024-10-08 01:45:41.282866
b36aaf5f-576a-48ca-ad7e-f8b6348dc675,f1660f35-657c-4627-aba7-3684c063d07c,0,False,db4fa158-cf65-40e2-9b6f-9b181f1aadd7,2024-10-08 01:45:41.282866
bc18677f-9b27-45d0-b136-8bf0ab184d04,4775fcb7-3484-4090-b422-645e6d4ef0a8,0,False,db4fa158-cf65-40e2-9b6f-9b181f1aadd7,2024-10-08 01:45:41.282866
7592e6af-b249-48bc-a5fa-23c5f66807d2,cc5e93c1-5046-444a-b3f1-4d7169dd0e67,0,False,db4fa158-cf65-40e2-9b6f-9b181f1aadd7,2024-10-08 01:45:41.282866
db6fd9f0-85e5-45a6-a2fa-81196e0a0768,6f367e8e-dc96-42ce-98e5-ddde3237ad35,0,False,db4fa158-cf65-40e2-9b6f-9b181f1aadd7,2024-10-08 01:45:41.282866
e4ee6205-770a-4e12-b476-b8357f41b255,8f0bee4c-c60d-4894-977e-bb19f52ec2d0,0,False,db4fa158-cf65-40e2-9b6f-9b181f1aadd7,2024-10-08 01:45:41.282866
db71c463-3ac1-4c46-b2a5-22e5bf89bda2,0075c716-4cd9-43c0-a2e2-8d5b3847b288,0,False,db4fa158-cf65-40e2-9b6f-9b181f1aadd7,2024-10-08 01:45:41.282866
1f26588e-f83c-4028-81ba-4f3a7d804e99,1c4e0d04-d6e1-445e-b962-295d3f38f9ec,0,False,db4fa158-cf65-40e2-9b6f-9b181f1aadd7,2024-10-08 01:45:41.282866
e0ebfc14-a0fa-4e8c-a9a7-9e850cda35fd,884fb56f-804a-4c77-b59a-ef681d10541d,0,False,db4fa158-cf65-40e2-9b6f-9b181f1aadd7,2024-10-08 01:45:41.282866
3f90572d-e951-4496-8de1-da5c1840c179,b396a254-1144-442d-8186-6341f893adbf,0,False,db4fa158-cf65-40e2-9b6f-9b181f1aadd7,2024-10-08 01:45:41.282866
e8e870fc-0c48-47ae-9768-b40893612b02,867ffcb7-3ea7-461c-b9f4-3149781a70a7,0,False,db4fa158-cf65-40e2-9b6f-9b181f1aadd7,2024-10-08 01:45:41.282866
ad92b130-6e97-40af-b91f-ad76ef3441e1,dc53b106-5070-46ef-98da-f3fc8b337bc9,0,False,db4fa158-cf65-40e2-9b6f-9b181f1aadd7,2024-10-08 01:45:41.282866
2f6250b6-19aa-4899-96e3-d36560a8af4e,7a9ed6e6-86a1-4fef-a163-06e3cbb4eeef,0,False,db4fa158-cf65-40e2-9b6f-9b181f1aadd7,2024-10-08 01:45:41.282866
1a38940f-e52b-4052-a97c-f402d81eac3f,4c73ddfa-0f4d-4997-821f-e390368560be,0,False,db4fa158-cf65-40e2-9b6f-9b181f1aadd7,2024-10-08 01:45:41.282866
15997bee-3fb8-4d48-a1ef-a6b4afb0d2df,338c7749-a959-4ad2-935f-3af2a5c8ad8f,0,False,db4fa158-cf65-40e2-9b6f-9b181f1aadd7,2024-10-08 01:45:41.282866
a7953a60-bd07-46fa-9bd5-a742a14012f5,064f1f0f-b81d-469f-8c94-ee062dab0203,0,False,db4fa158-cf65-40e2-9b6f-9b181f1aadd7,2024-10-08 01:45:41.282866
1775bfcc-d165-4d6b-8d98-daeb4d19e148,21436bbf-9092-4b4f-b2d8-c508c3a74d5b,0,False,db4fa158-cf65-40e2-9b6f-9b181f1aadd7,2024-10-08 01:45:41.282866
9e6d6495-5d40-4c0b-9293-e0300bba99d8,1c1559cb-ce54-4b53-b249-ca9fd0e16dd5,0,False,db4fa158-cf65-40e2-9b6f-9b181f1aadd7,2024-10-08 01:45:41.282866
76565410-b5da-4733-93ef-b84df5dad97b,967a101c-caa2-4624-841a-8420e14e6ea6,0,False,db4fa158-cf65-40e2-9b6f-9b181f1aadd7,2024-10-08 01:45:41.282866
b6258462-6ef7-4cda-bf0e-bfbb96c3fe7a,ea7da3d7-899c-4908-8268-c2a720e983b8,0,False,db4fa158-cf65-40e2-9b6f-9b181f1aadd7,2024-10-08 01:45:41.282866
d2556657-9b90-4895-83df-bc076490f4cc,83de3b7b-6ea8-4775-8806-b4107e689501,0,False,db4fa158-cf65-40e2-9b6f-9b181f1aadd7,2024-10-08 01:45:41.282866
45dbd183-dd6a-4a54-ae9c-ad7345464b94,4d74dc4f-b345-48d2-aa47-6f4f3009ec1c,0,False,db4fa158-cf65-40e2-9b6f-9b181f1aadd7,2024-10-08 01:45:41.282866
69023725-c2a1-439c-987c-49203dbf8ca0,8ca79dd3-8c06-4d3b-960c-c9306726e742,0,False,db4fa158-cf65-40e2-9b6f-9b181f1aadd7,2024-10-08 01:45:41.282866
c50ed759-ec60-4f84-95f4-bbf7e2a15bd5,77f92aa3-df44-4df4-9d78-84e49e122001,0,False,db4fa158-cf65-40e2-9b6f-9b181f1aadd7,2024-10-08 01:45:41.282866
3931fc3a-e752-4bb8-8d0a-23a2e0e2a8ef,2129631e-297a-4104-91e8-d76929374c12,0,False,db4fa158-cf65-40e2-9b6f-9b181f1aadd7,2024-10-08 01:45:41.282866
09fdaf1b-d7ba-4e4c-b926-7ba2bf8fd54a,e89b3867-5caf-403b-b1c3-ebb5afe0f26e,0,False,db4fa158-cf65-40e2-9b6f-9b181f1aadd7,2024-10-08 01:45:41.282866
4f3fd6ff-7246-4eba-b674-88dfb2c361db,081a8cb5-13f2-4bb8-b4c1-1d44fc59ed42,0,False,db4fa158-cf65-40e2-9b6f-9b181f1aadd7,2024-10-08 01:45:41.282866
746f5da4-eea7-40fa-a0dc-ce3fbef4b2fe,9c5eacba-9320-4494-a5a3-486b63ca6855,0,False,db4fa158-cf65-40e2-9b6f-9b181f1aadd7,2024-10-08 01:45:41.282866
a049495c-fefd-43b3-b37d-9e2af7fdf303,f0fd16df-9119-4df5-9ba0-6ef471a7c44c,0,False,db4fa158-cf65-40e2-9b6f-9b181f1aadd7,2024-10-08 01:45:41.282866
c71b8b5d-a020-454e-b989-40438c6d06e0,72eccc45-72b1-4784-93e3-d271434fb823,0,False,db4fa158-cf65-40e2-9b6f-9b181f1aadd7,2024-10-08 01:45:41.282866
a7a4bc8d-1459-4aa2-bd06-9978160306a8,bd60a3fc-13c5-4bfa-bbc7-0b5d2c19ba64,0,False,db4fa158-cf65-40e2-9b6f-9b181f1aadd7,2024-10-08 01:45:41.282866
ef1a9d6c-137b-4bf5-851b-94c93a776b25,5e693f9a-b7fe-436f-9c91-bf52fbcfbc0c,0,False,db4fa158-cf65-40e2-9b6f-9b181f1aadd7,2024-10-08 01:45:41.282866
8efb5766-b6b9-4002-aca7-fb700f800d7f,31bd348b-9dd5-4fa5-8324-302c2e6f2208,0,False,db4fa158-cf65-40e2-9b6f-9b181f1aadd7,2024-10-08 01:45:41.282866
fd006e02-0010-4553-b9bd-1399f3b58328,7d1ed270-be41-4d8f-8e05-e5d024f61482,0,False,db4fa158-cf65-40e2-9b6f-9b181f1aadd7,2024-10-08 01:45:41.282866
2121a7e7-d1c2-46c3-8500-26653f2fc597,c8c5d42f-eb77-4cec-9a56-f842ac276e11,0,False,db4fa158-cf65-40e2-9b6f-9b181f1aadd7,2024-10-08 01:45:41.282866
ff9aca95-b4c0-4ce2-90cb-d8fa9beb9e45,dc1723f5-83cc-486a-b69d-be7d60108346,0,False,db4fa158-cf65-40e2-9b6f-9b181f1aadd7,2024-10-08 01:45:41.282866
bac8b2fb-607f-456a-afe9-769f105d0b29,6fca7276-f019-4b5f-b67c-0135b824851c,0,False,db4fa158-cf65-40e2-9b6f-9b181f1aadd7,2024-10-08 01:45:41.282866
dcfed52d-d3f5-4f2a-9dea-a862d76c6e7a,dd871641-e024-451a-a99a-0cc591820aca,0,False,db4fa158-cf65-40e2-9b6f-9b181f1aadd7,2024-10-08 01:45:41.282866
b1caa786-948a-45b9-99d7-231674ebb38d,e3508a68-634a-427e-9fcd-dbdd9d88337f,0,False,db4fa158-cf65-40e2-9b6f-9b181f1aadd7,2024-10-08 01:45:41.282866
ba3a2a3c-42ed-4828-b4d6-f7388c5d9f1a,df333a40-c556-4e6b-9d15-bc7289f30c92,0,False,db4fa158-cf65-40e2-9b6f-9b181f1aadd7,2024-10-08 01:45:41.282866
95ce2c66-a0ca-49cc-bc87-da55babae506,dced855b-8a49-4bd9-9b05-d7a144a2e8ee,0,False,db4fa158-cf65-40e2-9b6f-9b181f1aadd7,2024-10-08 01:45:41.282866
f6cc7d0d-50f6-44a5-8c10-c3157bc0fb5b,8b589577-145e-47f4-ab80-5e0959a20560,0,False,db4fa158-cf65-40e2-9b6f-9b181f1aadd7,2024-10-08 01:45:41.282866
f76a228b-6ecb-4824-99d9-d44f75d91d7c,fc7192e6-5790-43c7-a2cc-c18775219486,0,False,db4fa158-cf65-40e2-9b6f-9b181f1aadd7,2024-10-08 01:45:41.282866
d60a89ec-b7fa-4376-888f-737fcda249c7,573d70ee-9af1-4c19-86a8-38c9b007a755,0,False,db4fa158-cf65-40e2-9b6f-9b181f1aadd7,2024-10-08 01:45:41.282866
cbe22ff7-5234-48e2-9411-bcf88fe81658,202a95d3-9bfa-4991-bcca-dcff76aeecce,0,False,db4fa158-cf65-40e2-9b6f-9b181f1aadd7,2024-10-08 01:45:41.282866
8dc2f1a3-24f9-4e8c-9d36-3bf1db8848cc,4c93f3a5-6434-409c-a592-a079afb4a1ca,0,False,db4fa158-cf65-40e2-9b6f-9b181f1aadd7,2024-10-08 01:45:41.282866
1383816a-806e-4d74-8368-bebfc112c1fe,507b7e31-19d0-4da6-95f3-97397fb21d44,0,False,db4fa158-cf65-40e2-9b6f-9b181f1aadd7,2024-10-08 01:45:41.282866
e511beb2-b918-480e-a0aa-e0687482908f,bf17b6d8-4b9e-41f9-980d-9ffe463bbe3e,0,False,db4fa158-cf65-40e2-9b6f-9b181f1aadd7,2024-10-08 01:45:41.282866
5327bcd6-af01-480a-bba2-1e1c2b03212a,f307f6db-597d-4854-87b8-65a8f9b242c4,0,False,db4fa158-cf65-40e2-9b6f-9b181f1aadd7,2024-10-08 01:45:41.282866
b1fa0bc3-9160-4ce4-8ffd-182200b8e829,81b4952c-ddd0-4e22-b82a-a9973f93be3e,0,False,db4fa158-cf65-40e2-9b6f-9b181f1aadd7,2024-10-08 01:45:41.282866
c65caa62-f256-4931-b213-0f767e0f4127,463859d8-e516-4615-bcd0-5662300da183,0,False,db4fa158-cf65-40e2-9b6f-9b181f1aadd7,2024-10-08 01:45:41.282866
d4388c0d-b6b1-4222-9da6-87bab26b99b0,6e8a7856-52dd-4a9c-9325-a47830a22211,0,False,db4fa158-cf65-40e2-9b6f-9b181f1aadd7,2024-10-08 01:45:41.282866
bf36e443-d022-4441-b27f-3f0bdbc0ec6e,c3486a49-cbfd-4ba8-8515-f7ab88c15d05,0,False,db4fa158-cf65-40e2-9b6f-9b181f1aadd7,2024-10-08 01:45:41.282866
6136075b-f0ec-448c-a524-1e40d6f1979a,1adf8635-8ae9-48b1-98d5-84756aab1d73,0,False,db4fa158-cf65-40e2-9b6f-9b181f1aadd7,2024-10-08 01:45:41.282866
5e8d4511-75ac-4a50-a6f7-89586cc02f8d,10712959-f1a9-4d02-8ef7-25be3e216d83,0,False,db4fa158-cf65-40e2-9b6f-9b181f1aadd7,2024-10-08 01:45:41.282866
7a1d969b-1272-49e6-ba40-833b4b86a6bb,d288bf0d-884f-4f28-acd5-c422ca7c7ec6,0,False,db4fa158-cf65-40e2-9b6f-9b181f1aadd7,2024-10-08 01:45:41.282866
f59e9bf5-5bd0-45c9-96a8-59d4044d1975,4bcb7958-7505-4eaa-9f13-cb47b20dda2c,0,False,db4fa158-cf65-40e2-9b6f-9b181f1aadd7,2024-10-08 01:45:41.282866
f99212d9-e86d-4a8e-be6f-7fda2a4bb1d0,451fd61c-b0b2-4841-a989-9371498f89d2,0,False,db4fa158-cf65-40e2-9b6f-9b181f1aadd7,2024-10-08 01:45:41.282866
a5d76275-e6bc-4dfb-b654-69c48d3bbd76,a05beb22-3f76-409a-be9f-3a6c99807570,0,False,db4fa158-cf65-40e2-9b6f-9b181f1aadd7,2024-10-08 01:45:41.282866
6dabebb3-6353-4214-b25c-a59bc5f272a8,6456f99a-e392-4d5d-bc3b-d5682938cbf8,0,False,db4fa158-cf65-40e2-9b6f-9b181f1aadd7,2024-10-08 01:45:41.282866
f9bc3dbe-1c92-4447-abd4-6fdc37484fc3,e9837621-ec3c-4613-9ad0-71b48bc7b3ca,0,False,db4fa158-cf65-40e2-9b6f-9b181f1aadd7,2024-10-08 01:45:41.282866
2bf454ea-62ac-4090-83af-e49092c2f4a7,4c76dd26-c492-40dd-a321-ce78824a8f1b,0,False,db4fa158-cf65-40e2-9b6f-9b181f1aadd7,2024-10-08 01:45:41.282866
acab740d-cdb3-4966-95a8-6eb0f5c66a03,bfcaff85-7565-4561-afd3-34198f1d24ce,0,False,db4fa158-cf65-40e2-9b6f-9b181f1aadd7,2024-10-08 01:45:41.282866
e7e6c3da-02ad-4449-ac93-6bb52ea9902c,4e99f20b-a18a-433c-9dca-a5d7468eb0ba,0,False,db4fa158-cf65-40e2-9b6f-9b181f1aadd7,2024-10-08 01:45:41.282866
dcf0b4fa-d2a3-4c46-9cdd-5d1d6da2d1c7,77444887-bc0b-4871-8432-d212f1878cbd,0,False,db4fa158-cf65-40e2-9b6f-9b181f1aadd7,2024-10-08 01:45:41.282866
43f4ed59-2777-4a4d-91ce-16a446cca911,863e32bd-f299-47bd-a198-1f3d76c8d89d,0,False,db4fa158-cf65-40e2-9b6f-9b181f1aadd7,2024-10-08 01:45:41.282866
7c8045c4-c18f-4f51-bed7-8bd309b8a322,4dfd0f83-1d63-43c8-bd56-2444e218c3ed,0,False,db4fa158-cf65-40e2-9b6f-9b181f1aadd7,2024-10-08 01:45:41.282866
9c23d7e7-d58a-49e5-aaa5-690f3015ffa9,ed6a8e5c-3cd5-4bf3-b66e-34bde4189f1c,0,False,db4fa158-cf65-40e2-9b6f-9b181f1aadd7,2024-10-08 01:45:41.282866
510c29d0-7f36-4b45-9770-c91f3448ac58,45da2de1-5b71-4aff-b0be-b488fa06f099,0,False,db4fa158-cf65-40e2-9b6f-9b181f1aadd7,2024-10-08 01:45:41.282866
7387bdad-6423-41f5-b274-1adffb312691,ab341f9c-2bae-480f-8ed0-09bdad88a077,0,False,db4fa158-cf65-40e2-9b6f-9b181f1aadd7,2024-10-08 01:45:41.282866
06a650b6-0012-4bd1-a09d-9afb2348c0b8,cbd7993e-7ddb-4769-aa39-40b4386c5a9b,0,False,db4fa158-cf65-40e2-9b6f-9b181f1aadd7,2024-10-08 01:45:41.282866
66a750b3-c52c-4b87-91e3-faf9c9a4ade7,0c15530d-364e-4348-8dce-0c762d3290fc,0,False,db4fa158-cf65-40e2-9b6f-9b181f1aadd7,2024-10-08 01:45:41.282866
3750a7f2-5a93-4286-9557-e2db94a3b2d8,7611b405-8167-48f9-b5bb-41d9908920ce,1,True,6b7923ec-5850-49d9-a132-c5b257f5fbe4,2024-10-08 01:45:42.338662
f7360df4-eb69-46e2-ad4a-cb1e57b27475,8a03bf50-b06d-4e16-9215-55d305f84cad,1,True,6b7923ec-5850-49d9-a132-c5b257f5fbe4,2024-10-08 01:45:42.338662
afbe8f07-d5ee-4141-865a-f7b04d7ea2cc,f39bb8f2-8503-4ca8-9dee-50e63029daff,1,True,6b7923ec-5850-49d9-a132-c5b257f5fbe4,2024-10-08 01:45:42.338662
b705ea35-0c52-4d81-ba95-dd35f601e1b5,1c4e0d04-d6e1-445e-b962-295d3f38f9ec,1,True,6b7923ec-5850-49d9-a132-c5b257f5fbe4,2024-10-08 01:45:42.338662
d8bae43e-9382-4cea-a9ad-ff9e2b1e19dc,21436bbf-9092-4b4f-b2d8-c508c3a74d5b,1,True,6b7923ec-5850-49d9-a132-c5b257f5fbe4,2024-10-08 01:45:42.338662
1f06bc6e-9f41-446c-a632-58d2c59d79b7,39bc0e43-356e-4800-9f73-4312bf579d5e,1,True,6b7923ec-5850-49d9-a132-c5b257f5fbe4,2024-10-08 01:45:42.338662
189b1e6c-e7cb-49d7-8c14-069912f9fab4,b67c905a-fa41-464d-85bf-9c7322a6fded,2,True,6b7923ec-5850-49d9-a132-c5b257f5fbe4,2024-10-08 01:45:42.338662
05be2c30-9fe7-47a8-8505-21171e4ba380,a6788c0d-bc50-44bf-9bc8-d9dd8fead46c,2,True,6b7923ec-5850-49d9-a132-c5b257f5fbe4,2024-10-08 01:45:42.338662
0a13ac77-db67-448b-933f-087d1c58ad53,f29edf0f-ed9a-4eab-9c8c-205085bc1827,2,True,6b7923ec-5850-49d9-a132-c5b257f5fbe4,2024-10-08 01:45:42.338662
862554d0-ff21-4eb6-9fac-7fd3923e3662,9ec871bb-4072-4cf2-877e-c21a0b38e9d9,2,True,6b7923ec-5850-49d9-a132-c5b257f5fbe4,2024-10-08 01:45:42.338662
d917604d-eee1-490c-8fc3-efa8bd7dff6f,dc6047b2-ecb1-41d1-9036-ce6144d46896,2,True,6b7923ec-5850-49d9-a132-c5b257f5fbe4,2024-10-08 01:45:42.338662
e311dce2-39e2-4717-8fb8-c25363eac152,2d4561f3-c551-4120-bd0c-82405d9c05b6,3,True,6b7923ec-5850-49d9-a132-c5b257f5fbe4,2024-10-08 01:45:42.338662
2e3f0f9a-8f0b-40ee-b07a-a7f26edb5a09,dd998083-76a5-4658-850a-40c1fa2967ce,3,True,6b7923ec-5850-49d9-a132-c5b257f5fbe4,2024-10-08 01:45:42.338662
35f13314-b695-4c85-a8cb-d9fd6faaacd7,31b94a03-66b0-4865-9eb7-9d339a8373a6,3,True,6b7923ec-5850-49d9-a132-c5b257f5fbe4,2024-10-08 01:45:42.338662
4aa99fb8-c292-4cc3-9bf5-003e24c9f466,c719fb74-e0a7-4445-b093-1d037af432f3,3,True,6b7923ec-5850-49d9-a132-c5b257f5fbe4,2024-10-08 01:45:42.338662
8d76969a-1c99-4f27-b897-1fe3f760479d,507b7e31-19d0-4da6-95f3-97397fb21d44,3,True,6b7923ec-5850-49d9-a132-c5b257f5fbe4,2024-10-08 01:45:42.338662
e815a43f-ba64-48cf-8ea3-956fad294837,5557f39f-5244-4e01-aa75-f48e28972610,4,True,6b7923ec-5850-49d9-a132-c5b257f5fbe4,2024-10-08 01:45:42.338662
62846910-1737-431e-8157-635baf9e06e1,b771a5a1-8236-4d9e-a643-c8a70a7bb0e0,4,True,6b7923ec-5850-49d9-a132-c5b257f5fbe4,2024-10-08 01:45:42.338662
2ebdece4-a832-4fa1-9e61-a89332014e72,884fb56f-804a-4c77-b59a-ef681d10541d,4,True,6b7923ec-5850-49d9-a132-c5b257f5fbe4,2024-10-08 01:45:42.338662
fb5cbfa9-2f5c-4819-a598-069e88425030,053ebd57-542c-4cde-ab11-12b023706be0,4,True,6b7923ec-5850-49d9-a132-c5b257f5fbe4,2024-10-08 01:45:42.338662
402fae82-0c27-4cda-a57a-129ae726f8d2,70d8f2eb-1372-421e-ae46-87a8b516c510,4,True,6b7923ec-5850-49d9-a132-c5b257f5fbe4,2024-10-08 01:45:42.338662
ba007480-62e5-4cdb-a32b-b4e4844bac68,0613f779-aebe-41a1-88c6-569c3a0d8640,5,True,6b7923ec-5850-49d9-a132-c5b257f5fbe4,2024-10-08 01:45:42.338662
ad80ccdb-2bb7-45f3-96f9-295a960fb67a,bf413dfd-9793-4b61-a903-6cfec28c0770,5,True,6b7923ec-5850-49d9-a132-c5b257f5fbe4,2024-10-08 01:45:42.338662
0ec2ebf1-1043-42d2-943a-805b9d496bd3,fb3d3954-37e5-424a-859a-4f1db32cde4a,5,True,6b7923ec-5850-49d9-a132-c5b257f5fbe4,2024-10-08 01:45:42.338662
0b483f5d-eadc-43a8-be20-856ba8e349fe,3c0e8ee2-a997-4a0b-a7b7-416171265e96,5,True,6b7923ec-5850-49d9-a132-c5b257f5fbe4,2024-10-08 01:45:42.338662
205e0498-3043-486f-8ec6-9184c21943f2,dc53b106-5070-46ef-98da-f3fc8b337bc9,5,True,6b7923ec-5850-49d9-a132-c5b257f5fbe4,2024-10-08 01:45:42.338662
b8d6132d-6082-4d6c-83ce-6160a3871cf0,c9fb8072-a2e9-4079-b3b0-6ffad7579710,5,True,6b7923ec-5850-49d9-a132-c5b257f5fbe4,2024-10-08 01:45:42.338662
79d2d9ae-92c6-4a41-b0c4-0d60d8e70d5d,17bcc6a8-f236-4ba9-b386-3d041e612451,6,True,6b7923ec-5850-49d9-a132-c5b257f5fbe4,2024-10-08 01:45:42.338662
efd1c479-d9ef-4022-b441-703627d6a003,8d5228a7-42ba-4b22-a842-e7d7aebc1d41,6,True,6b7923ec-5850-49d9-a132-c5b257f5fbe4,2024-10-08 01:45:42.338662
179b3fba-dde2-402a-bd81-b4f50b4798a0,cc5e93c1-5046-444a-b3f1-4d7169dd0e67,6,True,6b7923ec-5850-49d9-a132-c5b257f5fbe4,2024-10-08 01:45:42.338662
9d0ece4a-34de-438f-bcbe-91301552dea8,0230a9b5-e77a-4585-8c8a-4aa9bca7903a,6,True,6b7923ec-5850-49d9-a132-c5b257f5fbe4,2024-10-08 01:45:42.338662
63243e0b-5b53-48e5-9e82-93f593585cad,c0bf7645-f6d6-4e7b-bb3f-fcb00940afa7,6,True,6b7923ec-5850-49d9-a132-c5b257f5fbe4,2024-10-08 01:45:42.338662
89eafae9-67cf-4393-831e-cea8ffa636db,338c7749-a959-4ad2-935f-3af2a5c8ad8f,7,True,6b7923ec-5850-49d9-a132-c5b257f5fbe4,2024-10-08 01:45:42.338662
c841793f-3966-4b5d-ad68-278788f1b7b6,43836c31-4ffd-4604-847c-1e29f2dee06a,7,True,6b7923ec-5850-49d9-a132-c5b257f5fbe4,2024-10-08 01:45:42.338662
a6bfb16a-d227-41bc-a337-d505ccdd6f15,4d74dc4f-b345-48d2-aa47-6f4f3009ec1c,7,True,6b7923ec-5850-49d9-a132-c5b257f5fbe4,2024-10-08 01:45:42.338662
aa95b360-3899-4878-b0f4-7777c61c1250,bf17b6d8-4b9e-41f9-980d-9ffe463bbe3e,7,True,6b7923ec-5850-49d9-a132-c5b257f5fbe4,2024-10-08 01:45:42.338662
0717f46a-7a41-4bf2-943a-3e22a3dd428f,3466e911-bb70-443a-b344-f83682e99943,8,True,6b7923ec-5850-49d9-a132-c5b257f5fbe4,2024-10-08 01:45:42.338662
4a76d26c-08c7-4c0d-bc2f-22c196f062c4,b396a254-1144-442d-8186-6341f893adbf,8,True,6b7923ec-5850-49d9-a132-c5b257f5fbe4,2024-10-08 01:45:42.338662
69a1d9ba-e3b1-4da3-bf22-804618ba5aee,71ce27fa-453f-4e75-a40d-7cc4c1dc3e04,8,True,6b7923ec-5850-49d9-a132-c5b257f5fbe4,2024-10-08 01:45:42.338662
d14cf3dd-00df-4191-b0b2-5e59164ec472,a39ab03b-ba21-4881-8285-bf1079863528,0,False,6b7923ec-5850-49d9-a132-c5b257f5fbe4,2024-10-08 01:45:42.338662
419e881e-d3dc-48b8-b196-e9e554ba7abd,9d689889-6920-4cfd-bff6-85a1f6420b89,0,False,6b7923ec-5850-49d9-a132-c5b257f5fbe4,2024-10-08 01:45:42.338662
6257a08d-6bc5-4502-90d3-67bfc2d1bf6b,c7fbf17e-926e-4abd-8ad4-e7214157166e,0,False,6b7923ec-5850-49d9-a132-c5b257f5fbe4,2024-10-08 01:45:42.338662
067bd8a6-4524-473c-a9aa-e6ae79f54233,dd9d4241-6718-4543-a366-8cba0c985756,0,False,6b7923ec-5850-49d9-a132-c5b257f5fbe4,2024-10-08 01:45:42.338662
518f5077-dce6-484e-831d-7508b8125f72,e49fa815-ea01-42db-9922-4bac0814f5b6,0,False,6b7923ec-5850-49d9-a132-c5b257f5fbe4,2024-10-08 01:45:42.338662
8cf9a05b-8c78-4934-86e3-ac2bc282a9ce,ba457c9c-c16d-4213-8ac4-943440973574,0,False,6b7923ec-5850-49d9-a132-c5b257f5fbe4,2024-10-08 01:45:42.338662
ea1c71e9-1da4-487a-a4fd-4f65a4f0e26b,b2bdbfa0-390c-4f6b-bf46-aba3cb11c23c,0,False,6b7923ec-5850-49d9-a132-c5b257f5fbe4,2024-10-08 01:45:42.338662
8198d6ed-857f-4fbf-b041-588d49c6fd77,5f9d43e8-c76f-4647-9608-6d14311a5089,0,False,6b7923ec-5850-49d9-a132-c5b257f5fbe4,2024-10-08 01:45:42.338662
a62f506c-902d-4101-8e85-bd916e2b0775,62410cf9-dbb1-4bf8-9ef1-63c8a8c96109,0,False,6b7923ec-5850-49d9-a132-c5b257f5fbe4,2024-10-08 01:45:42.338662
b0ef62fb-7d07-4abc-8252-ce706962abcb,76de32b9-c552-4bf7-b4ed-daa21579e066,0,False,6b7923ec-5850-49d9-a132-c5b257f5fbe4,2024-10-08 01:45:42.338662
b5b84696-5b22-414d-8ba4-229842e45b5f,9adbaac2-f15f-4b90-80f2-f0db2313c4e2,0,False,6b7923ec-5850-49d9-a132-c5b257f5fbe4,2024-10-08 01:45:42.338662
3d062b43-a5e6-431f-a739-333f52a2d7ce,9b1f954e-b80c-45d3-a52a-ee4a5e08f58d,0,False,6b7923ec-5850-49d9-a132-c5b257f5fbe4,2024-10-08 01:45:42.338662
35659ae4-eeb6-4fe1-8164-0157d246cb12,eb82ed0f-4901-430f-a050-c4c24393e1ca,0,False,6b7923ec-5850-49d9-a132-c5b257f5fbe4,2024-10-08 01:45:42.338662
cb79d9d5-b404-4721-87b3-013ab3e94f0c,c159da7b-8657-4a99-9828-5d43ab279c6e,0,False,6b7923ec-5850-49d9-a132-c5b257f5fbe4,2024-10-08 01:45:42.338662
e4743b2c-85f0-46cd-9dd5-67463afd31d4,66aae4e3-6a3f-44d4-b026-cb216e7dc6c2,0,False,6b7923ec-5850-49d9-a132-c5b257f5fbe4,2024-10-08 01:45:42.338662
d7353f1d-95e5-40f9-9876-d24fdcfd8569,859137bc-dc32-48db-8704-00e25ea78f2a,0,False,6b7923ec-5850-49d9-a132-c5b257f5fbe4,2024-10-08 01:45:42.338662
b9a6961b-cf9b-4401-9218-4a7009564251,f32146eb-18e3-46a9-a3c5-0e14b4a9138a,0,False,6b7923ec-5850-49d9-a132-c5b257f5fbe4,2024-10-08 01:45:42.338662
00692f93-7a8a-4337-a404-d21f6d1fae1d,e41b4a9c-8928-4466-875f-60610f9bfeff,0,False,6b7923ec-5850-49d9-a132-c5b257f5fbe4,2024-10-08 01:45:42.338662
e63ff29e-3ec0-424a-ae3d-2fb89a994827,7225819e-fb4a-4e92-a5f2-08d6fca34594,0,False,6b7923ec-5850-49d9-a132-c5b257f5fbe4,2024-10-08 01:45:42.338662
63bc2149-8ea9-41db-bc4f-fda5c2af5e5d,84217eb0-d76c-4eee-88ee-d151cfa4941c,0,False,6b7923ec-5850-49d9-a132-c5b257f5fbe4,2024-10-08 01:45:42.338662
0b44957c-4391-4727-88b4-21860aba6293,7110a5eb-e09f-4889-81bf-066814b5e16a,0,False,6b7923ec-5850-49d9-a132-c5b257f5fbe4,2024-10-08 01:45:42.338662
dba2d6d6-2dca-4e3a-bfad-94cfb7b90bbf,bc1a0ab0-a8b0-44ec-8890-b31122b2b858,0,False,6b7923ec-5850-49d9-a132-c5b257f5fbe4,2024-10-08 01:45:42.338662
56784098-6981-4405-beb1-bbf37c45cd19,5589dd1c-eddf-4483-8e9c-6a66c0199819,0,False,6b7923ec-5850-49d9-a132-c5b257f5fbe4,2024-10-08 01:45:42.338662
b6fc45d9-4542-482e-aba3-955f7cfeb559,b94a403e-f4f4-424d-8378-c498183badf0,0,False,6b7923ec-5850-49d9-a132-c5b257f5fbe4,2024-10-08 01:45:42.338662
bdefa171-a953-4fcc-bb88-d9572f76bc9e,77e554dd-ddfb-4c69-93e2-ebcfb330042b,0,False,6b7923ec-5850-49d9-a132-c5b257f5fbe4,2024-10-08 01:45:42.338662
e566dff6-dd67-47cb-b46f-d938ef891318,5bb1c7e2-599e-4a75-95b0-77484385dbbf,0,False,6b7923ec-5850-49d9-a132-c5b257f5fbe4,2024-10-08 01:45:42.338662
8a700f3d-0633-44fd-8811-578dcaf048a3,3f7fd7d4-a003-4e05-a1af-ac0289235595,0,False,6b7923ec-5850-49d9-a132-c5b257f5fbe4,2024-10-08 01:45:42.338662
480b2869-144c-49ef-8e64-30a776791466,867ffcb7-3ea7-461c-b9f4-3149781a70a7,0,False,6b7923ec-5850-49d9-a132-c5b257f5fbe4,2024-10-08 01:45:42.338662
e99ceec7-28b6-41b3-82b6-99f143fba0df,00d4ea38-04fa-42c7-8574-a25672fab8a0,0,False,6b7923ec-5850-49d9-a132-c5b257f5fbe4,2024-10-08 01:45:42.338662
64ce5fc3-8142-45da-9da8-617d77010b0b,7a9ed6e6-86a1-4fef-a163-06e3cbb4eeef,0,False,6b7923ec-5850-49d9-a132-c5b257f5fbe4,2024-10-08 01:45:42.338662
5e5af05c-be83-41f3-a7b5-397c6ec5e373,4c73ddfa-0f4d-4997-821f-e390368560be,0,False,6b7923ec-5850-49d9-a132-c5b257f5fbe4,2024-10-08 01:45:42.338662
5dc1b4ee-1fb0-4a09-9c25-93c26cdf152e,d22c3b1b-4bdc-41ea-93b0-1b9f6baf44e9,0,False,6b7923ec-5850-49d9-a132-c5b257f5fbe4,2024-10-08 01:45:42.338662
7aaa2fcd-597f-45a7-b3f0-300420b55824,ffcc8d20-903c-495b-b21c-53452fe00156,0,False,6b7923ec-5850-49d9-a132-c5b257f5fbe4,2024-10-08 01:45:42.338662
e2ed9f32-e31f-43dd-9ea5-9fa169214158,2f9cdc5f-1b56-4e90-9563-8775f1ff3a00,0,False,6b7923ec-5850-49d9-a132-c5b257f5fbe4,2024-10-08 01:45:42.338662
43d7336e-2718-48d8-bb04-56b74fe5951c,99a78bb8-4574-4851-93d5-f0b91d6fa016,0,False,6b7923ec-5850-49d9-a132-c5b257f5fbe4,2024-10-08 01:45:42.338662
8e127cb8-7215-4dce-a820-e010c20e9028,d7994874-2986-4f14-9659-f33174cc8919,0,False,6b7923ec-5850-49d9-a132-c5b257f5fbe4,2024-10-08 01:45:42.338662
657ea0a7-c719-442d-84ff-102a5d68cea3,458672f8-abab-46b2-9937-f8ec95672909,0,False,6b7923ec-5850-49d9-a132-c5b257f5fbe4,2024-10-08 01:45:42.338662
7cf2fe32-2376-4563-8796-fe5506f1ad7a,c2f20f39-2130-4415-af8a-c8747c2bf101,0,False,6b7923ec-5850-49d9-a132-c5b257f5fbe4,2024-10-08 01:45:42.338662
c92f0064-3f45-4454-85df-f49ebb3efadb,d0cc6920-7541-4c66-a198-4f6a53a185df,0,False,6b7923ec-5850-49d9-a132-c5b257f5fbe4,2024-10-08 01:45:42.338662
42eda2dd-ef55-48f3-b058-64f9f077b3fd,064f1f0f-b81d-469f-8c94-ee062dab0203,0,False,6b7923ec-5850-49d9-a132-c5b257f5fbe4,2024-10-08 01:45:42.338662
cfc6847b-3e68-48fe-b79f-d5763cf0ccf0,eb54fe2b-3102-4579-b5cf-5f3c6b1338b9,0,False,6b7923ec-5850-49d9-a132-c5b257f5fbe4,2024-10-08 01:45:42.338662
50cfffad-b4eb-44c1-a192-c3b23089df7c,ee8c77e5-de14-4aed-9cab-80804a60d14e,0,False,6b7923ec-5850-49d9-a132-c5b257f5fbe4,2024-10-08 01:45:42.338662
89ec04a4-7544-4fd9-a1ef-c5d9f73da9ae,c72eea4c-67a1-4008-ba15-72de4115e3d1,0,False,6b7923ec-5850-49d9-a132-c5b257f5fbe4,2024-10-08 01:45:42.338662
de9b0f8a-69c7-46d3-8b38-e0fc3f2ff084,369b97da-92b5-4191-98a4-0d31156e570c,0,False,6b7923ec-5850-49d9-a132-c5b257f5fbe4,2024-10-08 01:45:42.338662
c94f39ee-dbc4-4384-8086-f6179a88dbb8,139fdfe7-fabb-4db6-ada6-1a55033b0e48,0,False,6b7923ec-5850-49d9-a132-c5b257f5fbe4,2024-10-08 01:45:42.338662
adf03090-089c-4891-b310-86b71d4d0a7c,70f08711-92c0-4302-a672-5559a5414dfd,0,False,6b7923ec-5850-49d9-a132-c5b257f5fbe4,2024-10-08 01:45:42.338662
97525e3e-dd7c-4436-a437-ceebd6291ce9,b7338c40-7997-4d80-bd1a-8c7d593f2a72,0,False,6b7923ec-5850-49d9-a132-c5b257f5fbe4,2024-10-08 01:45:42.338662
7ef9dc8f-d1ab-4908-a300-6e8ddc02b439,c6efc926-2633-4310-b10a-e1f79b146513,0,False,6b7923ec-5850-49d9-a132-c5b257f5fbe4,2024-10-08 01:45:42.338662
d4c0ef03-896c-4c6b-b6ca-92ff71916c97,3977d4fa-bcf8-4779-a69d-948ee1e604a0,0,False,6b7923ec-5850-49d9-a132-c5b257f5fbe4,2024-10-08 01:45:42.338662
d58afa9e-9424-4b3d-aa5b-7732e0cfe30c,6427742a-304a-4325-8827-f6b7a3f9f188,0,False,6b7923ec-5850-49d9-a132-c5b257f5fbe4,2024-10-08 01:45:42.338662
1c8043ed-6d35-40fe-b5cd-658a7a4dff57,f52580be-80e9-4a1b-a56f-ac9274ad7755,0,False,6b7923ec-5850-49d9-a132-c5b257f5fbe4,2024-10-08 01:45:42.338662
e448b423-ac61-4b88-8338-1be0b66f5f06,ed93c11b-a449-471d-8d9b-ed021179a962,0,False,6b7923ec-5850-49d9-a132-c5b257f5fbe4,2024-10-08 01:45:42.338662
3e4467a1-e582-49cb-b00d-b987236d415f,307fbd3d-8610-48f4-8502-c937f073f6d2,0,False,6b7923ec-5850-49d9-a132-c5b257f5fbe4,2024-10-08 01:45:42.338662
9f676a6e-9eb9-4dc8-ad74-8431bc722e41,3bdc2986-99c4-42d3-81eb-3e558d603cd5,0,False,6b7923ec-5850-49d9-a132-c5b257f5fbe4,2024-10-08 01:45:42.338662
91ca230b-f1f6-4c1f-87a7-9b2d3da23f56,2db583d0-e5b1-4ff9-a817-e9fdf24bf48a,0,False,6b7923ec-5850-49d9-a132-c5b257f5fbe4,2024-10-08 01:45:42.338662
a18bc6a3-3c7d-4116-8f56-293080af6d15,0c15530d-364e-4348-8dce-0c762d3290fc,0,False,6b7923ec-5850-49d9-a132-c5b257f5fbe4,2024-10-08 01:45:42.338662
