id,class_number,discipline_id,professor,semester,created_at
c0e84d46-95df-4136-aae2-f192b66846bc,31,48ca3c95-0828-4814-9035-df8d4111b28f,KARLA MOREIRA VIEIRA(T),2024/1,2024-10-08 01:45:37.218110
00badcdc-d8c5-4dd9-8d51-3cb8172276e8,32,48ca3c95-0828-4814-9035-df8d4111b28f,FERNANDA TATIA CRUZ(T),2024/1,2024-10-08 01:45:37.218110
c7bbf0ae-9662-465e-8569-f9f20ba7ac33,33,48ca3c95-0828-4814-9035-df8d4111b28f,LUCILIA ALVES LINHARES(T),2024/1,2024-10-08 01:45:37.218110
e4b28179-5b8c-45df-815e-7e08672bd3ac,31,f833a75c-1965-4069-8775-e4bb5d006201,KARLA MOREIRA VIEIRA(P),2024/1,2024-10-08 01:45:37.218110
e235bed1-78a9-4d33-b0d2-3296eddc3e95,32,f833a75c-1965-4069-8775-e4bb5d006201,FERNANDA TATIA CRUZ(P),2024/1,2024-10-08 01:45:37.218110
346ed570-05c4-45b3-8ffe-4eeab34c25cb,33,f833a75c-1965-4069-8775-e4bb5d006201,KARLA MOREIRA VIEIRA(P),2024/1,2024-10-08 01:45:37.218110
0575630c-f7af-41c4-9886-4b3b33255152,34,f833a75c-1965-4069-8775-e4bb5d006201,FERNANDA TATIA CRUZ(P),2024/1,2024-10-08 01:45:37.218110
e12dab6a-4729-4801-ba65-d7fd15addb61,35,f833a75c-1965-4069-8775-e4bb5d006201,LUCILIA ALVES LINHARES(P),2024/1,2024-10-08 01:45:37.218110
7089fbda-a3ed-4c4b-9742-ca010b1653f7,36,f833a75c-1965-4069-8775-e4bb5d006201,FERNANDA TATIA CRUZ(P),2024/1,2024-10-08 01:45:37.218110
020cbea6-7c47-420c-a67e-0fbbc0a6c29c,37,f833a75c-1965-4069-8775-e4bb5d006201,KARLA MOREIRA VIEIRA(P),2024/1,2024-10-08 01:45:37.218110
1b97b154-cb82-4a98-a69e-2c7cc859c914,11,1e5774eb-4d31-46ac-ae5b-c28803042874,FERNANDA TATIA CRUZ(T),2024/1,2024-10-08 01:45:37.218110
afe3b20e-886c-4f8f-8cd6-687569fa77bd,31,317e0ff7-f8e7-410f-ac1c-1996aca19cdc,RAFAEL SANTOS THEBALDI(T),2024/1,2024-10-08 01:45:37.218110
6b4313df-0fc9-4569-973e-b17f194b221a,32,317e0ff7-f8e7-410f-ac1c-1996aca19cdc,HUGO FONSECA ARAUJO(T),2024/1,2024-10-08 01:45:37.218110
e9da2784-f6c8-4cf2-9873-73821038cb70,33,317e0ff7-f8e7-410f-ac1c-1996aca19cdc,MARCOS GOULART LIMA(T),2024/1,2024-10-08 01:45:37.218110
1063a893-93d1-4156-b70d-a2b5e26ab594,31,83e64630-7e72-466d-ae87-5c829156214a,CRISTIANO SANTOS BENJAMIN(T),2024/1,2024-10-08 01:45:37.218110
4ed89082-c08f-4a10-803b-865285efd9b2,32,83e64630-7e72-466d-ae87-5c829156214a,DANILO SANCAO DA SILVEIRA(T),2024/1,2024-10-08 01:45:37.218110
e6616b27-d697-481d-88fc-8e9cfcc1f186,33,83e64630-7e72-466d-ae87-5c829156214a,DANILO SANCAO DA SILVEIRA(T),2024/1,2024-10-08 01:45:37.218110
e68245a6-12a7-48fa-be9c-8626969abbbe,31,3eba971a-b4bc-4083-a6fc-3881ecec313c,JENNYFFER SMITH BOHORQUEZ BARRERA(T),2024/1,2024-10-08 01:45:37.218110
778933ac-91fb-49ea-bdbe-96323acb9b93,32,3eba971a-b4bc-4083-a6fc-3881ecec313c,ANLIY NATSUYO NASHIMOTO SARGEANT(T),2024/1,2024-10-08 01:45:37.218110
52942c4c-0eeb-4cf7-84e8-dcd2d62721b3,33,3eba971a-b4bc-4083-a6fc-3881ecec313c,JENNYFFER SMITH BOHORQUEZ BARRERA(T),2024/1,2024-10-08 01:45:37.218110
d7ea4bbd-5684-4c72-8d69-4218b0ffa7e7,34,3eba971a-b4bc-4083-a6fc-3881ecec313c,CRISTIANO SANTOS BENJAMIN(T),2024/1,2024-10-08 01:45:37.218110
dcf464d0-ee40-46bd-8259-6dd48b2a70e7,31,0524f6f2-ec83-4e31-80b8-cbd9f553f22a,CRISTIANO SANTOS BENJAMIN(T),2024/1,2024-10-08 01:45:37.218110
6ba13cc5-625c-47ef-a246-287ceeff0351,32,0524f6f2-ec83-4e31-80b8-cbd9f553f22a,FELIPO BACANI(T),2024/1,2024-10-08 01:45:37.218110
b612bde7-b6c8-4f6c-b21b-381e81ebc064,33,0524f6f2-ec83-4e31-80b8-cbd9f553f22a,FELIPO BACANI(T),2024/1,2024-10-08 01:45:37.218110
f3b81ed6-cb84-4d78-b87b-d73b654837e7,11,25ecd0de-6b8a-417d-92bc-9c3d4791f747,FELIPO BACANI(T),2024/1,2024-10-08 01:45:37.218110
390fc81d-5380-4164-b38b-9e8da626de9b,11,62a05fd8-2b39-4701-acb6-7cc0c4b9bdda,RAFAEL SANTOS THEBALDI(T),2024/1,2024-10-08 01:45:37.218110
a9994e48-1a86-490c-8fc5-1a30c5495afe,31,2d4561f3-c551-4120-bd0c-82405d9c05b6,MARCOS GOULART LIMA(T),2024/1,2024-10-08 01:45:37.218110
e0652f07-fd80-4b01-bd4c-4b40082f4329,32,2d4561f3-c551-4120-bd0c-82405d9c05b6,MARCOS GOULART LIMA(T),2024/1,2024-10-08 01:45:37.218110
e45e262c-0cdd-40d8-a332-a4a65ed48847,33,2d4561f3-c551-4120-bd0c-82405d9c05b6,RAFAEL SANTOS THEBALDI(T),2024/1,2024-10-08 01:45:37.218110
ede40393-649d-4a75-8866-58be57dabb75,31,29674383-f8e3-4106-b14f-a069c4ac6535,FREDDY PABLO CASTRO VICENTE(T),2024/1,2024-10-08 01:45:37.218110
9adbdf3b-dc5e-4f86-96dd-62fa616fe16c,32,29674383-f8e3-4106-b14f-a069c4ac6535,ANLIY NATSUYO NASHIMOTO SARGEANT(T),2024/1,2024-10-08 01:45:37.218110
48e13d8a-dedb-404f-8368-733c746d70ab,33,29674383-f8e3-4106-b14f-a069c4ac6535,FREDDY PABLO CASTRO VICENTE(T),2024/1,2024-10-08 01:45:37.218110
2beab680-1394-4087-a86e-9893b489cad0,11,c7c266bd-f054-4e6f-87d2-d2ce8f33edf2,HUGO FONSECA ARAUJO(T),2024/1,2024-10-08 01:45:37.218110
9ad83159-19e1-4ba3-b18a-2e6aad9a624a,11,23408e7b-c9fe-4c3f-9ce7-b385083f3fb9,HERSON DE OLIVEIRA PEIXOTO(T+P),2024/1,2024-10-08 01:45:37.218110
24c91eb9-caa8-402c-bd61-cdde1048b1ce,11,7611b405-8167-48f9-b5bb-41d9908920ce,HUGO FONSECA ARAUJO(T),2024/1,2024-10-08 01:45:37.218110
aefeeecf-8960-41cc-8be3-55d30a0ffa23,11,8a03bf50-b06d-4e16-9215-55d305f84cad,HERSON DE OLIVEIRA PEIXOTO(T),2024/1,2024-10-08 01:45:37.218110
8a1942e7-acf3-4c17-933b-b70ecbb3abe7,31,d0d19738-e880-42f9-978a-9b4d3500a5fd,RONAN SILVA FERREIRA(T+P),2024/1,2024-10-08 01:45:37.218110
fb4fc2f1-e800-4ce4-a5ff-974315ff4703,32,d0d19738-e880-42f9-978a-9b4d3500a5fd,SAVIO FIGUEIRA CORREA(T+P),2024/1,2024-10-08 01:45:37.218110
f380fe34-daa5-4766-80ac-72ecbcc1da16,33,d0d19738-e880-42f9-978a-9b4d3500a5fd,ADAM JAMES SARGEANT(T+P),2024/1,2024-10-08 01:45:37.218110
aa47d726-e802-4833-9289-7f53e9d9bc02,31,7638f46d-1540-4fe9-8d7f-ee9ca6db97dc,ADAM JAMES SARGEANT(T+P),2024/1,2024-10-08 01:45:37.218110
5d509829-c0aa-4b4d-ae27-f68b7175104c,32,7638f46d-1540-4fe9-8d7f-ee9ca6db97dc,JUVENIL SIQUEIRA DE OLIVEIRA FILHO(T+P),2024/1,2024-10-08 01:45:37.218110
f72d77dc-e898-4fc4-a87c-91dda95120a4,33,7638f46d-1540-4fe9-8d7f-ee9ca6db97dc,JUVENIL SIQUEIRA DE OLIVEIRA FILHO(T+P),2024/1,2024-10-08 01:45:37.218110
3c43fc47-433e-4c7b-a44b-2c9b32ff9d76,31,ee323dd9-6d4d-44ff-aadd-e05fb8f01f98,SAVIO FIGUEIRA CORREA(T+P),2024/1,2024-10-08 01:45:37.218110
8656dfc9-25db-41f8-82ef-1985540ae503,32,ee323dd9-6d4d-44ff-aadd-e05fb8f01f98,CARLOS RENATO PONTES(T+P),2024/1,2024-10-08 01:45:37.218110
342edbd9-19e5-4e5f-901b-c35a8e837cfd,33,ee323dd9-6d4d-44ff-aadd-e05fb8f01f98,SAVIO FIGUEIRA CORREA(T+P),2024/1,2024-10-08 01:45:37.218110
e279b01c-8ed6-4cc6-9994-56876c5619d0,21,6c6bb804-ecd9-4652-bcb7-4682e6981561,JUVENIL SIQUEIRA DE OLIVEIRA FILHO(T+P),2024/1,2024-10-08 01:45:37.218110
996f6b41-4216-4f94-b03e-f37c44a5908c,22,6c6bb804-ecd9-4652-bcb7-4682e6981561,CARLOS RENATO PONTES(T+P),2024/1,2024-10-08 01:45:37.218110
896352e3-a3e9-4335-902c-dd2180198cb6,11,fccbc454-5d74-466e-bcfe-5fd0704ce280,CARLOS RENATO PONTES(T),2024/1,2024-10-08 01:45:37.218110
74927c23-ea0c-42ec-b00d-6926c165f6b2,21,9e625d54-aba8-4186-9b14-9a37c39a7ac5,LUCILIA ALVES LINHARES(T),2024/1,2024-10-08 01:45:37.218110
769fe73c-10e2-45cd-8ad5-df22530b868e,22,9e625d54-aba8-4186-9b14-9a37c39a7ac5,LUCILIA ALVES LINHARES(T),2024/1,2024-10-08 01:45:37.218110
6fb63035-3ff1-4cea-9810-a206a2762df0,11,21471e58-664d-4b37-adc5-038e89301f12,CLARISSA BARROS DA CRUZ(T),2024/1,2024-10-08 01:45:37.218110
6e26780e-4a94-444a-af32-4c8a5f13208e,11,03ad01eb-5dad-4fb2-8d7c-e9c3f0072855,RONAN SILVA FERREIRA(T),2024/1,2024-10-08 01:45:37.218110
f06f391c-7b53-4eb0-ab98-d48ba2cdb2c6,11,57fdcb61-878a-4d27-b67c-ca82a7fbf53b,HELEN DE CASSIA SOUSA DA COSTA LIMA(T+P),2024/1,2024-10-08 01:45:37.218110
daca2d00-ea2a-4a57-bebb-7d265239222a,11,69d57c62-f94b-4991-b63a-c439297af6f2,BRUNO CESAR COTA CONCEICAO(T+P),2024/1,2024-10-08 01:45:37.218110
8fcc3cb5-82f1-4a19-a931-ab224b67285a,11,146db07c-6887-4874-8b15-6215c39850af,LUCINEIA SOUZA MAIA(T),2024/1,2024-10-08 01:45:37.218110
ae84c4c0-a920-472c-a27a-9a3940366b2e,11,b67c905a-fa41-464d-85bf-9c7322a6fded,MATHEUS NOHRA HADDAD(T),2024/1,2024-10-08 01:45:37.218110
00c3bc4f-d571-47d0-ab55-198ee7f39d81,12,b67c905a-fa41-464d-85bf-9c7322a6fded,MATHEUS NOHRA HADDAD(T),2024/1,2024-10-08 01:45:37.218110
b667365c-bc4b-4d55-a820-5b51383174c9,11,98fc2efe-c40e-4175-b5de-52f877939f7d,BRUNO CESAR COTA CONCEICAO(T+P),2024/1,2024-10-08 01:45:37.218110
18a68fa7-f54e-40e1-8833-3d8ac5c2af44,12,98fc2efe-c40e-4175-b5de-52f877939f7d,TIAGO FRANCA MELO DE LIMA(T+P),2024/1,2024-10-08 01:45:37.218110
1e4fdab4-0fb7-4f4f-8dfa-bcf2a0476591,11,cd5aa425-b0a4-46f3-bbeb-6a18fbe215ff,RAFAEL FREDERICO ALEXANDRE(T+P),2024/1,2024-10-08 01:45:37.218110
65e8c5e4-b653-4939-90fb-e13fc7d941f5,12,cd5aa425-b0a4-46f3-bbeb-6a18fbe215ff,FILIPE NUNES RIBEIRO(T+P) / MARCOS GERALDO BRAGA EMILIANO(T+P) / TALLES HENRIQUE DE MEDEIROS(T+P),2024/1,2024-10-08 01:45:37.218110
3a6b9b1c-fe46-48f1-8741-9cdfe9cf2d32,21,f39bb8f2-8503-4ca8-9dee-50e63029daff,FERNANDO BERNARDES DE OLIVEIRA(T+P),2024/1,2024-10-08 01:45:37.218110
a664215f-218d-4989-b949-8165013da7b7,22,f39bb8f2-8503-4ca8-9dee-50e63029daff,MATEUS FERREIRA SATLER(T+P),2024/1,2024-10-08 01:45:37.218110
60741833-4e61-46dd-a2cb-ac4893be12c6,23,f39bb8f2-8503-4ca8-9dee-50e63029daff,TIAGO FRANCA MELO DE LIMA(T+P),2024/1,2024-10-08 01:45:37.218110
19a90ba8-e11e-4697-8fa3-9c6b6a5bd8b4,11,a6788c0d-bc50-44bf-9bc8-d9dd8fead46c,RAFAEL FREDERICO ALEXANDRE(T+P),2024/1,2024-10-08 01:45:37.218110
fd860f02-8c25-407b-b851-fc1b76f359b9,12,a6788c0d-bc50-44bf-9bc8-d9dd8fead46c,FILIPE NUNES RIBEIRO(T+P) / MARCOS GERALDO BRAGA EMILIANO(T+P) / TALLES HENRIQUE DE MEDEIROS(T+P),2024/1,2024-10-08 01:45:37.218110
eb29adc4-9c68-4243-b299-0c3b9cc5ade4,11,f29edf0f-ed9a-4eab-9c8c-205085bc1827,ALEXANDRE MAGNO DE SOUSA(T+P),2024/1,2024-10-08 01:45:37.218110
2b312f37-41b9-45ff-a758-ddfd8833c465,12,f29edf0f-ed9a-4eab-9c8c-205085bc1827,BRUNO CESAR COTA CONCEICAO(T+P),2024/1,2024-10-08 01:45:37.218110
f95e956a-8a2a-4134-921e-52c804a3ebf3,11,dd998083-76a5-4658-850a-40c1fa2967ce,TATIANA ALVES COSTA(T+P),2024/1,2024-10-08 01:45:37.218110
1b9859d4-f00c-47e9-af55-44e625b16fa5,11,e7c348f3-74c9-43ba-ae25-acec0299b16d,THEO SILVA LINS(T+P),2024/1,2024-10-08 01:45:37.218110
eba168f6-a028-49e2-bdd8-548313b5540c,11,0613f779-aebe-41a1-88c6-569c3a0d8640,ROBERTO GOMES RIBEIRO(T),2024/1,2024-10-08 01:45:37.218110
d185226c-7543-4523-b21c-0a91d768bcf8,11,e29e20c4-3293-4c3d-9479-af9a37d3426c,LUIZ CARLOS BAMBIRRA TORRES(T),2024/1,2024-10-08 01:45:37.218110
8b78b54d-a26a-439e-b71f-46ffdc057eb3,21,a1d82ac2-4123-40d9-bbfb-2fa4a7378a03,DARLAN NUNES DE BRITO(T+P) / LUIZ OTAVIO MENEZES TELES(T+P),2024/1,2024-10-08 01:45:37.218110
72b92a5c-7de1-401a-ad5a-88c85880a0c9,22,a1d82ac2-4123-40d9-bbfb-2fa4a7378a03,DARLAN NUNES DE BRITO(T+P) / LUIZ OTAVIO MENEZES TELES(T+P),2024/1,2024-10-08 01:45:37.218110
38e0043c-a3a0-48d9-a34c-479e831e6338,11,5fdbbbfb-fc44-49a5-b6f4-fe29e16b7aab,CARLOS HENRIQUE GOMES FERREIRA(T),2024/1,2024-10-08 01:45:37.218110
9d391f1a-d00d-4d67-a455-780409804d7b,21,f632dbd1-a011-4f7b-b48c-460ea479d2ec,EDUARDO DA SILVA RIBEIRO(T+P),2024/1,2024-10-08 01:45:37.218110
e31c9323-3f95-4083-95d4-4c2d97569db0,22,f632dbd1-a011-4f7b-b48c-460ea479d2ec,EDUARDO DA SILVA RIBEIRO(T+P),2024/1,2024-10-08 01:45:37.218110
cc53c816-85e8-45e1-92ae-3d59e293a755,11,5557f39f-5244-4e01-aa75-f48e28972610,SAMUEL SOUZA BRITO(T),2024/1,2024-10-08 01:45:37.218110
98001cc8-2a8e-40f5-9e13-f1c8415c29ef,11,bf413dfd-9793-4b61-a903-6cfec28c0770,FILIPE NUNES RIBEIRO(T+P),2024/1,2024-10-08 01:45:37.218110
ff74b696-7085-41ef-9b12-2b9121bc2f44,11,8d5228a7-42ba-4b22-a842-e7d7aebc1d41,THEO SILVA LINS(T+P),2024/1,2024-10-08 01:45:37.218110
5299282b-5c23-42c6-83d3-6fb5b6e96de9,11,3466e911-bb70-443a-b344-f83682e99943,JANNIELE APARECIDA SOARES ARAUJO(T),2024/1,2024-10-08 01:45:37.218110
f0a4b7b7-8c8d-4f07-86eb-3f8806c03f50,11,f1660f35-657c-4627-aba7-3684c063d07c,EULER HORTA MARINHO(T),2024/1,2024-10-08 01:45:37.218110
ac3a9a25-efa5-42d1-aac8-ab6b58388551,11,4775fcb7-3484-4090-b422-645e6d4ef0a8,IGOR MUZETTI PEREIRA(T),2024/1,2024-10-08 01:45:37.218110
476d590b-883b-4452-abc3-c91e6050527f,11,cc5e93c1-5046-444a-b3f1-4d7169dd0e67,DIEGO ZUQUIM GUIMARAES GARCIA(T),2024/1,2024-10-08 01:45:37.218110
0ef1a37a-b9fe-4e82-93bc-c2e7cc0c5ab9,11,f32146eb-18e3-46a9-a3c5-0e14b4a9138a,DIEGO ZUQUIM GUIMARAES GARCIA(T),2024/1,2024-10-08 01:45:37.218110
d732f3cd-0844-4cab-95b1-06329c018c62,11,78fe180d-128c-4f76-91c2-6419fcb08536,IGOR MUZETTI PEREIRA(T),2024/1,2024-10-08 01:45:37.218110
a380eb8c-e297-4a31-9c85-7fd337c947de,11,7225819e-fb4a-4e92-a5f2-08d6fca34594,TATIANA ALVES COSTA(T+P),2024/1,2024-10-08 01:45:37.218110
56b8f668-aa74-4e7c-8a66-0d6846ddee91,11,76bfb984-be61-4319-a77a-6909c823d666,LUIZ CARLOS BAMBIRRA TORRES(T),2024/1,2024-10-08 01:45:37.218110
1bbbc224-f12f-4d89-8d94-7c5801c986cf,11,e7c856a0-2e82-4d1c-a2b5-9a74a3637f51,TATIANA ALVES COSTA(T),2024/1,2024-10-08 01:45:37.218110
3dba6f34-1b2b-4d5d-986d-84fc899d73dd,11,66434746-7e51-4ce3-93c7-966be3fb8be5,THEO SILVA LINS(T),2024/1,2024-10-08 01:45:37.218110
0d43a489-6679-4bac-b7dd-7be034e120af,11,901e10f6-95ed-4ca0-9945-7ab26540fee2,SAMUEL SOUZA BRITO(T),2024/1,2024-10-08 01:45:37.218110
fa831e27-6d23-41a0-a2d6-45d9771c53be,11,9ad00bc7-a24f-44a5-867a-b34543050d41,BRUNO RABELLO MONTEIRO(T) / HELEN DE CASSIA SOUSA DA COSTA LIMA(T) / RAFAEL FREDERICO ALEXANDRE(T),2024/1,2024-10-08 01:45:37.218110
c6f02171-fc35-4b09-afaf-57a086ff8f9e,11,142493b9-7002-4fdf-8db5-4edd6fb3e96b,ELTON MAXIMO CARDOSO(T),2024/1,2024-10-08 01:45:37.218110
9d86cab1-99f7-447f-adf7-4e5ead1cbc97,12,142493b9-7002-4fdf-8db5-4edd6fb3e96b,MATHEUS NOHRA HADDAD(T),2024/1,2024-10-08 01:45:37.218110
6ca133b6-bf7b-42d8-b3f8-cbfd131d5613,11,ec54f334-9b9c-469d-9233-848e11de0b52,DIEGO ZUQUIM GUIMARAES GARCIA(T),2024/1,2024-10-08 01:45:37.218110
e1d00197-b5f0-4dd8-b2f3-6989e0c84dcd,11,7e739011-8ea2-4d29-a0fa-8934a146cefe,MARCOS GERALDO BRAGA EMILIANO(T) / MATHEUS NOHRA HADDAD(T) / TALLES HENRIQUE DE MEDEIROS(T),2024/1,2024-10-08 01:45:37.218110
ee8a3bd8-3f1e-4715-a981-b60b3b181759,11,6f367e8e-dc96-42ce-98e5-ddde3237ad35,SAMUEL SOUZA BRITO(T),2024/1,2024-10-08 01:45:37.218110
942eac01-7353-45d7-9b47-687e848dd2af,11,95fd4f53-b57b-43b7-bc3e-cfa899d3d397,WENDY YADIRA ERAS HERRERA(T),2024/1,2024-10-08 01:45:37.218110
4a14c1ca-22ef-4f66-a611-7b1a6a6ccd0d,12,95fd4f53-b57b-43b7-bc3e-cfa899d3d397,ROBERTO GOMES RIBEIRO(T),2024/1,2024-10-08 01:45:37.218110
95660d35-9c4b-46cb-8465-cc9d2bae1298,11,6821c0f2-66a2-4f25-9a5d-4791c9bf6524,ROBERTO GOMES RIBEIRO(T),2024/1,2024-10-08 01:45:37.218110
c9e67cbc-0cb8-469e-b4df-b600b6d6eaa8,11,184c1131-5026-4fcc-8a6e-2f35ce51ea56,EULER HORTA MARINHO(T),2024/1,2024-10-08 01:45:37.218110
99534a37-eb5e-426c-8fcb-4fe0163da594,12,975c708c-f258-46b9-9931-32705170e1fc,BRUNO CESAR COTA CONCEICAO(T+P),2024/1,2024-10-08 01:45:37.218110
74eb7f62-4e44-4d09-a0ba-c1f9dee53051,21,975c708c-f258-46b9-9931-32705170e1fc,ALEXANDRE MAGNO DE SOUSA(T+P),2024/1,2024-10-08 01:45:37.218110
d5d91aa7-9082-4692-bef9-c808f3ca6473,22,975c708c-f258-46b9-9931-32705170e1fc,GILDA APARECIDA DE ASSIS(T+P) / MARCOS GERALDO BRAGA EMILIANO(T),2024/1,2024-10-08 01:45:37.218110
87032632-4c38-418e-8396-d721328d2af7,11,97a3a578-c7d1-4e10-bc65-60bdad5d68f6,DARLAN NUNES DE BRITO(T) / LUIZ OTAVIO MENEZES TELES(T),2024/1,2024-10-08 01:45:37.218110
72573278-ac5d-4953-952e-66e7b2867d86,11,43836c31-4ffd-4604-847c-1e29f2dee06a,ALEXANDRE MAGNO DE SOUSA(P) / FERNANDO BERNARDES DE OLIVEIRA(P) / FILIPE NUNES RIBEIRO(P) / IGOR MUZETTI PEREIRA(P) / RAFAEL FREDERICO ALEXANDRE(P) / ROBERTO GOMES RIBEIRO(P) / THEO SILVA LINS(P),2024/1,2024-10-08 01:45:37.218110
f7504e08-1c2e-4028-91ee-81cfa39557a2,11,71ce27fa-453f-4e75-a40d-7cc4c1dc3e04,ALEXANDRE MAGNO DE SOUSA(P) / BRUNO RABELLO MONTEIRO(P) / DIEGO ZUQUIM GUIMARAES GARCIA(P) / EDUARDO DA SILVA RIBEIRO(P) / FILIPE NUNES RIBEIRO(P) / GEORGE HENRIQUE GODIM DA FONSECA(P) / HELEN DE CASSIA SOUSA DA COSTA LIMA(P) / JANNIELE APARECIDA SOARES ARAUJO(P) / RAFAEL FREDERICO ALEXANDRE(P) / TALLES HENRIQUE DE MEDEIROS(P) / WELBERT ALVES RODRIGUES(P),2024/1,2024-10-08 01:45:37.218110
ff45f5bd-1ad6-45d1-8854-53e38a6d9297,11,8f0bee4c-c60d-4894-977e-bb19f52ec2d0,TIAGO FRANCA MELO DE LIMA(T),2024/1,2024-10-08 01:45:37.218110
249688a8-cae9-46ba-b73a-6501645a86c3,11,39fc5cdb-d805-4220-a8a2-2f1a23a58935,ELTON MAXIMO CARDOSO(T),2024/1,2024-10-08 01:45:37.218110
bf6207e0-a86e-4c8d-a33b-524ec1e8791a,11,bc1a0ab0-a8b0-44ec-8890-b31122b2b858,TIAGO FRANCA MELO DE LIMA(T),2024/1,2024-10-08 01:45:37.218110
30c22e9e-4a5d-417c-88e9-8028950d00e8,11,16d1d1d4-db58-429a-9216-585808b55b7d,GILDA APARECIDA DE ASSIS(T),2024/1,2024-10-08 01:45:37.218110
09e48da4-fe90-429b-bba8-128d2da2b7a8,11,3da7ef5e-8d4b-4fb9-b444-7b3a32c35076,EDUARDO DA SILVA RIBEIRO(T),2024/1,2024-10-08 01:45:37.218110
401731bd-83e1-480e-90e1-0aa29c2081c4,11,70ebebfa-787e-479a-a36d-abf6dc2940a3,MARLON PAOLO LIMA(T+P),2024/1,2024-10-08 01:45:37.218110
6a43fb66-12bc-4804-8e18-73907eeb5d20,11,0075c716-4cd9-43c0-a2e2-8d5b3847b288,ELTON MAXIMO CARDOSO(T),2024/1,2024-10-08 01:45:37.218110
5797331c-4bd6-4df7-9fe0-30e0b16b00dd,21,8f31b6ce-a4cd-4383-afe0-a9e89212cec4,FILIPE NUNES RIBEIRO(T+P),2024/1,2024-10-08 01:45:37.218110
53a1a49f-5789-4f9b-a4dd-e39c12bf175b,22,8f31b6ce-a4cd-4383-afe0-a9e89212cec4,MARLON PAOLO LIMA(T+P),2024/1,2024-10-08 01:45:37.218110
d841da59-e081-4164-94f6-f93607da3b01,11,a47b2c32-09b3-48a4-8222-f18220069b37,GILDA APARECIDA DE ASSIS(T),2024/1,2024-10-08 01:45:37.218110
cfabf3a8-7cb2-4cb9-a6f7-c12a3223cbed,11,fe20d3b6-6ec9-47f9-859c-ba5ba8801c13,JANNIELE APARECIDA SOARES ARAUJO(T+P),2024/1,2024-10-08 01:45:37.218110
c716dc48-6e72-4ae8-a860-2c5d7e2058e2,11,1c4e0d04-d6e1-445e-b962-295d3f38f9ec,FERNANDO BERNARDES DE OLIVEIRA(T),2024/1,2024-10-08 01:45:37.218110
1e39395d-66ef-474e-b720-460c531fd5e4,11,884fb56f-804a-4c77-b59a-ef681d10541d,BRUNO RABELLO MONTEIRO(T) / HELEN DE CASSIA SOUSA DA COSTA LIMA(T) / RAFAEL FREDERICO ALEXANDRE(T),2024/1,2024-10-08 01:45:37.218110
d50b5dd9-4ddb-4575-a845-90c39fe781fd,11,77e554dd-ddfb-4c69-93e2-ebcfb330042b,BRUNO RABELLO MONTEIRO(T) / LUIZ CARLOS BAMBIRRA TORRES(T) / RAFAEL FREDERICO ALEXANDRE(T),2024/1,2024-10-08 01:45:37.218110
e2756615-8cf5-470a-b2dd-fe6b928806d3,11,b396a254-1144-442d-8186-6341f893adbf,JANNIELE APARECIDA SOARES ARAUJO(T+P),2024/1,2024-10-08 01:45:37.218110
45193a28-58ce-4eac-829f-c5fe5a1f012a,11,0230a9b5-e77a-4585-8c8a-4aa9bca7903a,FERNANDO BERNARDES DE OLIVEIRA(T+P),2024/1,2024-10-08 01:45:37.218110
854db703-f2dc-42c5-bfee-e2b056263f11,11,867ffcb7-3ea7-461c-b9f4-3149781a70a7,HELEN DE CASSIA SOUSA DA COSTA LIMA(T+P),2024/1,2024-10-08 01:45:37.218110
14bfe844-b5b7-42fc-aa02-53366f3b3428,11,54f18a62-dad7-4bfe-bc79-daf18d7c21b7,ALEXANDRE MAGNO DE SOUSA(T),2024/1,2024-10-08 01:45:37.218110
c72e58f8-def5-4768-ae06-4be6d0180a13,11,dc53b106-5070-46ef-98da-f3fc8b337bc9,MATEUS FERREIRA SATLER(T),2024/1,2024-10-08 01:45:37.218110
3db54d7d-00b6-45d0-b1c0-3df5bb64008a,11,458672f8-abab-46b2-9937-f8ec95672909,CARLOS HENRIQUE GOMES FERREIRA(T+P),2024/1,2024-10-08 01:45:37.218110
651df0f5-e728-410d-a5da-73fac27ee7ac,11,e7461c82-8c94-468b-ab14-ff375344b7f8,CARLOS HENRIQUE GOMES FERREIRA(T) / TALLES HENRIQUE DE MEDEIROS(T),2024/1,2024-10-08 01:45:37.218110
290fac7f-9368-4bcc-bc05-47ffbe5f1fd1,11,9ec871bb-4072-4cf2-877e-c21a0b38e9d9,LUCINEIA SOUZA MAIA(T),2024/1,2024-10-08 01:45:37.218110
4d5a73a0-b50c-4a32-afcb-5a32d667e0f1,11,338c7749-a959-4ad2-935f-3af2a5c8ad8f,LUCINEIA SOUZA MAIA(T),2024/1,2024-10-08 01:45:37.218110
3136a62e-8625-49e3-ae63-3c0207bcff91,11,21436bbf-9092-4b4f-b2d8-c508c3a74d5b,DARLAN NUNES DE BRITO(T) / LUIZ OTAVIO MENEZES TELES(T),2024/1,2024-10-08 01:45:37.218110
65206360-5e03-4edb-8e9e-8f685cd979d2,21,39bc0e43-356e-4800-9f73-4312bf579d5e,MATEUS FERREIRA SATLER(T),2024/1,2024-10-08 01:45:37.218110
9af11e78-d3ea-4a59-940e-4adb45452b1e,22,39bc0e43-356e-4800-9f73-4312bf579d5e,MATEUS FERREIRA SATLER(T),2024/1,2024-10-08 01:45:37.218110
81a3de87-15de-436e-a065-ecad5bbc6fde,11,2ffc5cdf-b762-4840-9079-37c78a208659,IGOR MUZETTI PEREIRA(T),2024/1,2024-10-08 01:45:37.218110
c49cd273-c2e7-45bb-8930-a07196039a20,11,325138b2-8b28-4c8f-b334-950a538f2cc7,ALEXANDRE MAGNO DE SOUSA(P) / BRUNO RABELLO MONTEIRO(P) / CARLOS HENRIQUE GOMES FERREIRA(P) / EDGARD GREGORY TORRES SARAVIA(P) / EDUARDO DA SILVA RIBEIRO(P) / EULER HORTA MARINHO(P) / FERNANDO BERNARDES DE OLIVEIRA(P) / IGOR MUZETTI PEREIRA(P) / LUCINEIA SOUZA MAIA(P) / MARLON PAOLO LIMA(P) / RAFAEL FREDERICO ALEXANDRE(P) / ROBERTO GOMES RIBEIRO(P) / SAMUEL SOUZA BRITO(P) / TIAGO FRANCA MELO DE LIMA(P),2024/1,2024-10-08 01:45:37.218110
c7f60bb4-4561-471a-bc9b-b79e80017c4c,11,43579cce-0901-4f7b-bfdd-87206cc9f718,BRUNO RABELLO MONTEIRO(P) / EDUARDO DA SILVA RIBEIRO(P) / EULER HORTA MARINHO(P) / FERNANDO BERNARDES DE OLIVEIRA(P) / GEORGE HENRIQUE GODIM DA FONSECA(P) / HELEN DE CASSIA SOUSA DA COSTA LIMA(P) / IGOR MUZETTI PEREIRA(P) / JANNIELE APARECIDA SOARES ARAUJO(P) / LUCINEIA SOUZA MAIA(P) / MATEUS FERREIRA SATLER(P) / RAFAEL FREDERICO ALEXANDRE(P) / ROBERTO GOMES RIBEIRO(P) / THEO SILVA LINS(P) / THIAGO AUGUSTO DE OLIVEIRA SILVA(P) / TIAGO FRANCA MELO DE LIMA(P),2024/1,2024-10-08 01:45:37.218110
b727275e-cec4-438c-851a-400642470745,11,f56e80b1-0360-4b71-8d07-ce2ea93f5eab,WENDY YADIRA ERAS HERRERA(T+P),2024/1,2024-10-08 01:45:37.218110
298515ea-8b74-4184-b1cd-5a0294e6ce31,11,126e21e7-af4e-42aa-bb06-84426bffdd90,CAIO MEIRA AMARAL DA LUZ(T+P),2024/1,2024-10-08 01:45:37.218110
f0d0892d-9da2-46d4-bc57-d46441c589e4,12,126e21e7-af4e-42aa-bb06-84426bffdd90,,2024/1,2024-10-08 01:45:37.218110
e3d0aaaf-bc13-46d2-becb-719df4096535,11,87fea269-9b71-49f0-823d-b61cf77c87bc,JUAN CARLOS GALVIS MANSO(T+P),2024/1,2024-10-08 01:45:37.218110
a3ce24fe-6717-452e-a81f-b328e7234715,12,87fea269-9b71-49f0-823d-b61cf77c87bc,,2024/1,2024-10-08 01:45:37.218110
697f3e3b-83d5-443b-b63a-66a99013c4e3,11,2af92d63-fe48-4b7b-9086-67ae52001716,MARCIO FELICIANO BRAGA(T+P),2024/1,2024-10-08 01:45:37.218110
73bda6dd-4703-4956-b924-411c2fd39ea0,12,2af92d63-fe48-4b7b-9086-67ae52001716,,2024/1,2024-10-08 01:45:37.218110
dff6e3f8-e843-47fb-9ada-bf363d7acc33,11,9799e74e-724d-4628-b943-9d1dfd692276,EDGARD GREGORY TORRES SARAVIA(T+P),2024/1,2024-10-08 01:45:37.218110
204489eb-fadc-4277-9ebd-7295f0c9e2b8,11,b350611c-fb93-4124-9afc-14304e3d744b,WENDY YADIRA ERAS HERRERA(T+P),2024/1,2024-10-08 01:45:37.218110
c39e6077-6f14-411a-812a-cdab5d2a5cae,11,e12a896c-8c2a-4fc0-b43f-d6ef969c35ca,EDGARD GREGORY TORRES SARAVIA(T+P),2024/1,2024-10-08 01:45:37.218110
079f4649-491a-4471-b586-7ba1b63d2a95,11,37023928-468e-459a-a854-080016afad91,MARCELO MOREIRA TIAGO(T+P),2024/1,2024-10-08 01:45:37.218110
2e3a7a02-8329-47c7-9437-df7e37574f29,11,d8de593c-9146-4c3a-a771-d0e40a32f95f,IGOR DIAS NETO DE SOUZA(T+P),2024/1,2024-10-08 01:45:37.218110
8cba62de-a078-42e4-9b54-64fc28d7e671,11,3de88113-a8d8-4b43-9518-b068095d8bd7,RODRIGO AUGUSTO RICCO(T),2024/1,2024-10-08 01:45:37.218110
99f86b5c-3027-49dd-a5b3-3ad27b1fa931,21,2e719c57-8ffe-4f9d-ba83-044995acb04b,THAINAN SANTOS THEODORO(T+P),2024/1,2024-10-08 01:45:37.218110
f71ff252-673b-4d7e-82b4-eaef76c95b36,22,2e719c57-8ffe-4f9d-ba83-044995acb04b,THAINAN SANTOS THEODORO(T+P),2024/1,2024-10-08 01:45:37.218110
62549a4d-1542-472d-b8e4-8e6468a9b1c8,23,2e719c57-8ffe-4f9d-ba83-044995acb04b,IGOR DIAS NETO DE SOUZA(T+P),2024/1,2024-10-08 01:45:37.218110
76376a49-2007-4ec8-9615-0476c881b678,24,2e719c57-8ffe-4f9d-ba83-044995acb04b,IGOR DIAS NETO DE SOUZA(T+P),2024/1,2024-10-08 01:45:37.218110
455416b3-7647-456a-a7e2-c8f075ac1e61,11,ec9ef2eb-54c3-4414-bfc2-75f7ef5d7db7,CARLOS HENRIQUE NOGUEIRA DE RESENDE BARBOSA(T),2024/1,2024-10-08 01:45:37.218110
a8a439e2-87d4-4f57-9c1e-36ee6dbe6d9d,21,2525410b-9ed6-4f9c-99fa-f8bc2a85316e,FELIPE EDUARDO MOREIRA COTA(T),2024/1,2024-10-08 01:45:37.218110
062e823d-e57d-4811-bb62-6555a7829099,22,2525410b-9ed6-4f9c-99fa-f8bc2a85316e,FELIPE EDUARDO MOREIRA COTA(T),2024/1,2024-10-08 01:45:37.218110
0925ecbc-ee57-4ad9-b6dd-df248c0eb8dd,11,788ca165-5d22-4b69-b114-de344564f9ef,ANNY VERLY(T),2024/1,2024-10-08 01:45:37.218110
37af784a-acfc-423b-9f80-c7b0b0e63092,21,702ebfbe-5b1d-4137-b28d-6a5fafb6ce0c,RENAN FERNANDES BASTOS(T+P),2024/1,2024-10-08 01:45:37.218110
561d8931-e92f-4d2e-93e1-e6dacb24c91e,22,702ebfbe-5b1d-4137-b28d-6a5fafb6ce0c,,2024/1,2024-10-08 01:45:37.218110
9f6c7f7a-92e3-4701-9dc3-627aa687f4a2,23,702ebfbe-5b1d-4137-b28d-6a5fafb6ce0c,CAIO MEIRA AMARAL DA LUZ(T+P),2024/1,2024-10-08 01:45:37.218110
8fc9fde5-49f0-44da-bcc4-22f264a48629,24,702ebfbe-5b1d-4137-b28d-6a5fafb6ce0c,CAIO MEIRA AMARAL DA LUZ(T+P),2024/1,2024-10-08 01:45:37.218110
86112d3b-103a-43d9-bf14-d4fe7fbacb84,11,8e6a31fd-33aa-445a-af02-30a45493b392,ANNY VERLY(T),2024/1,2024-10-08 01:45:37.218110
49ae4877-ab36-46ec-9f1b-708a6f840399,21,a9e90d60-44d1-4795-9f80-fd7401690fd4,WELBERT ALVES RODRIGUES(T+P),2024/1,2024-10-08 01:45:37.218110
ebcb96bf-7aa5-49c9-aa6d-c50c25bcd4be,22,a9e90d60-44d1-4795-9f80-fd7401690fd4,WELBERT ALVES RODRIGUES(T+P),2024/1,2024-10-08 01:45:37.218110
e0890867-8de0-42bc-90ca-cf2f38e52471,23,a9e90d60-44d1-4795-9f80-fd7401690fd4,,2024/1,2024-10-08 01:45:37.218110
aa9de93a-fa41-4233-96a8-aeb9b55dc202,21,7132200c-c880-44f1-9958-a9bd6bae747d,GLAUCO FERREIRA GAZEL YARED(T+P),2024/1,2024-10-08 01:45:37.218110
30be3518-cf80-4b1c-8ecb-3e5305bd293a,22,7132200c-c880-44f1-9958-a9bd6bae747d,GLAUCO FERREIRA GAZEL YARED(T+P),2024/1,2024-10-08 01:45:37.218110
ad2b583e-7d12-4513-8ff3-65c83249752c,23,7132200c-c880-44f1-9958-a9bd6bae747d,CARLOS HENRIQUE DA SILVA(T+P) / FELIPE EDUARDO MOREIRA COTA(T),2024/1,2024-10-08 01:45:37.218110
cd51271e-d76a-4c16-8aaf-31e8b9434b0d,11,f34caaf7-0f7b-47c5-830a-ff2bb5733937,JUAN CARLOS GALVIS MANSO(T+P),2024/1,2024-10-08 01:45:37.218110
17a045e5-5a8c-49c9-9e5c-5525dfca6c37,11,5a18a52f-cb50-4323-9bb7-8fcca4cf4a46,WILINGTHON GUERRA ZVIETCOVICH(T),2024/1,2024-10-08 01:45:37.218110
3399f765-1291-478e-8bfe-c2926083ab48,21,c72eea4c-67a1-4008-ba15-72de4115e3d1,MARCELO MOREIRA TIAGO(T+P),2024/1,2024-10-08 01:45:37.218110
db3a3109-6e4f-4164-96ac-88f956e5fc12,22,c72eea4c-67a1-4008-ba15-72de4115e3d1,MARCELO MOREIRA TIAGO(T+P),2024/1,2024-10-08 01:45:37.218110
d8e054e6-becf-4520-bc5d-026bc3c2be02,23,c72eea4c-67a1-4008-ba15-72de4115e3d1,MARCELO MOREIRA TIAGO(T+P),2024/1,2024-10-08 01:45:37.218110
a54ec6c3-bd48-4220-9247-2f2a17c629a7,11,0489cf47-063a-485f-a658-9de06bacc3be,THAINAN SANTOS THEODORO(T+P),2024/1,2024-10-08 01:45:37.218110
6c4bf989-4b0b-4f2a-be51-87905335c076,21,34bb269e-7523-49d0-a2c8-a8a0e387bb5b,MYLENA CRUZINHA DA SILVA(T+P),2024/1,2024-10-08 01:45:37.218110
1bb6cded-5855-4c28-868b-8f7a32784c9c,22,34bb269e-7523-49d0-a2c8-a8a0e387bb5b,MYLENA CRUZINHA DA SILVA(T+P),2024/1,2024-10-08 01:45:37.218110
44e0ac9b-5c36-4674-b232-1e33fd3d94cf,11,5450b5e7-9151-4109-8568-96e48b29d9b4,CARLOS HENRIQUE NOGUEIRA DE RESENDE BARBOSA(T),2024/1,2024-10-08 01:45:37.218110
14081d00-e7ce-4146-8679-8761c9afc256,11,740d0d28-8ffd-47c1-9323-2292bf9eb336,CARLOS HENRIQUE DA SILVA(T+P),2024/1,2024-10-08 01:45:37.218110
4029d5fa-f2d5-4d62-93fc-745858a2f952,11,496cf1d0-8be0-4a05-b387-d8afe1ebe39b,FRANCISCO RICARDO ABRANTES COUY BARACHO(T),2024/1,2024-10-08 01:45:37.218110
9af7c81c-61e4-4bec-a840-2471c2dc6729,11,57b60362-6be6-4f9a-abac-cf8412254caf,RENAN FERNANDES BASTOS(P),2024/1,2024-10-08 01:45:37.218110
4d5cb88a-e988-45f7-aa2c-8bf4b30f742f,12,57b60362-6be6-4f9a-abac-cf8412254caf,RENAN FERNANDES BASTOS(P),2024/1,2024-10-08 01:45:37.218110
10349227-f4f0-41f8-a33c-5a68d3a2cb4a,11,8738deba-8eb9-4255-9e7e-1ee7f1c9df36,WILINGTHON GUERRA ZVIETCOVICH(T),2024/1,2024-10-08 01:45:37.218110
8a40c268-a524-4fe5-abbd-a9268c8fb981,11,2dedd1bf-ed00-4277-b25b-c251483c5b3f,CAIO MEIRA AMARAL DA LUZ(T),2024/1,2024-10-08 01:45:37.218110
1d549b35-35d6-4a83-89c3-0a7f505957dc,12,2dedd1bf-ed00-4277-b25b-c251483c5b3f,RODRIGO AUGUSTO RICCO(T),2024/1,2024-10-08 01:45:37.218110
da9c25f0-b232-4f53-9f20-b912884dc42b,11,10ed1e00-957e-4af3-a9df-00189095f94c,MYLENA CRUZINHA DA SILVA(T+P),2024/1,2024-10-08 01:45:37.218110
91cf46ab-df6c-4847-89c7-6ff1f6186e29,11,17c4306d-16ea-48c0-b63b-258c415305f5,,2024/1,2024-10-08 01:45:37.218110
a9ac1684-a3e4-4d61-8a4c-4ac3a3628324,11,b6a496ae-751b-4d6a-a57b-1ca4ac00b335,RODRIGO AUGUSTO RICCO(T+P),2024/1,2024-10-08 01:45:37.218110
4e7ffced-8b4b-4626-a8e4-8fd68e014514,11,287d3cfc-0d94-41dc-b2cc-8b0cd13039ce,CARLOS HENRIQUE NOGUEIRA DE RESENDE BARBOSA(T),2024/1,2024-10-08 01:45:37.218110
e5e3bf10-eb0e-4a50-bf08-ec1cdc26da08,11,48e63c83-aa1b-4ffe-ba0d-9d09a3a4622f,CARLOS HENRIQUE DA SILVA(T+P),2024/1,2024-10-08 01:45:37.218110
793f21a6-7af8-4839-b57e-a5690ef2d355,11,95e4c80b-8a00-4e6f-9d1e-7be38ede44d3,JUAN CARLOS GALVIS MANSO(T),2024/1,2024-10-08 01:45:37.218110
a3acc8e7-0dc3-49be-97c6-a8cfdf737991,11,335467fa-e3a5-4ce5-8d50-a1a88325710d,FRANCISCO RICARDO ABRANTES COUY BARACHO(T+P),2024/1,2024-10-08 01:45:37.218110
93352a94-586f-49ac-8cb7-3690738331d5,11,5664a5e8-780f-4ca9-819b-34be3be2f1a6,,2024/1,2024-10-08 01:45:37.218110
eee122e4-6350-41d4-b64c-97f53ea6b3cc,11,00389b85-9bfe-4de5-8b49-b73f3a5b273a,MARCIO FELICIANO BRAGA(T),2024/1,2024-10-08 01:45:37.218110
2978b42c-a75c-4447-aee4-340f5f54561a,11,45f27e79-463d-47c5-97ee-afc883c3308c,,2024/1,2024-10-08 01:45:37.218110
69d712f3-8efe-4f21-a25b-437bbc096a38,11,c9b1bb15-3db9-4e2b-a9bc-7e8090dbb330,GLAUCO FERREIRA GAZEL YARED(T+P),2024/1,2024-10-08 01:45:37.218110
4e2c5b36-f51d-4930-9cb3-ac325f40a072,11,2b1e52a7-d43a-4986-817b-aa1fa8957eb9,,2024/1,2024-10-08 01:45:37.218110
d503dff2-b93c-411d-995e-ad1b62756de5,11,369b97da-92b5-4191-98a4-0d31156e570c,FREDERICO CESAR DE VASCONCELOS GOMES(T),2024/1,2024-10-08 01:45:37.218110
24b12358-5350-416b-82b1-d2d595abb9fb,11,053ebd57-542c-4cde-ab11-12b023706be0,ALEXANDRE XAVIER MARTINS(T+P),2024/1,2024-10-08 01:45:37.218110
9787e8eb-570e-416f-8877-09977a981f2a,11,70f08711-92c0-4302-a672-5559a5414dfd,WAGNER RAGI CURI FILHO(T),2024/1,2024-10-08 01:45:37.218110
5c2b89ca-df4d-418d-8f86-b8ea9b2e91df,11,97ffeea4-35b2-40fa-b3e9-9351669459be,PAGANINI BARCELLOS DE OLIVEIRA(T),2024/1,2024-10-08 01:45:37.218110
7ce5a7a8-ea49-4794-88a3-8e3d295ed2fe,11,1c5b9e2b-88d5-452a-85a6-b6f9197a1c76,CARLA DANIELLE ARAUJO COSTA(T),2024/1,2024-10-08 01:45:37.218110
92b83fc6-9671-49d7-a97a-f59e5e92cf3c,11,a848c6a0-ef68-4da7-8284-fc6b281bef21,EVA BESSA SOARES(T),2024/1,2024-10-08 01:45:37.218110
c525e661-c705-46fa-a78e-e1290fa08a8e,11,b7338c40-7997-4d80-bd1a-8c7d593f2a72,CLARISSA BARROS DA CRUZ(T),2024/1,2024-10-08 01:45:37.218110
d3394071-a450-4cac-bbeb-23280c1359bb,11,c6efc926-2633-4310-b10a-e1f79b146513,ALEXANDRE XAVIER MARTINS(T) / MARCO TULIO DOMINGUES COSTA(T),2024/1,2024-10-08 01:45:37.218110
421664c3-385d-4730-9687-8bbe3e3e8b17,11,3977d4fa-bcf8-4779-a69d-948ee1e604a0,FREDERICO CESAR DE VASCONCELOS GOMES(T) / LUCIANA PAULA REIS(T),2024/1,2024-10-08 01:45:37.218110
b18da405-7bb3-48bc-bfd2-29d11fbbdfaa,11,4d74dc4f-b345-48d2-aa47-6f4f3009ec1c,EVA BESSA SOARES(T),2024/1,2024-10-08 01:45:37.218110
0e5596aa-6718-4afa-ba4b-712f381d12e7,11,8acbb144-ca71-44f6-abd2-606bcf6f5219,GILBERTO DE MIRANDA JUNIOR(T),2024/1,2024-10-08 01:45:37.218110
c6d7cb55-7b7d-4b32-af14-f273d237a0cb,11,43c691d6-88d2-42f4-8702-58fcea191ab6,CINTHIA VERSIANI SCOTT VARELLA(T),2024/1,2024-10-08 01:45:37.218110
0368930a-689b-4856-ac87-fa28dce57e2f,11,e7e1aa9b-766e-458d-a29e-0be3659e2e0b,MARESSA NUNES RIBEIRO TAVARES(T),2024/1,2024-10-08 01:45:37.218110
b96a5d27-2d84-495b-8ad8-b2af0e39c571,11,6427742a-304a-4325-8827-f6b7a3f9f188,CINTHIA VERSIANI SCOTT VARELLA(T),2024/1,2024-10-08 01:45:37.218110
e2a2836b-4af9-46d3-883b-e3e3aa1665d4,11,030e51f6-4020-4125-a9a2-d7a518a4b5ee,RAFAEL LUCAS MACHADO PINTO(T+P),2024/1,2024-10-08 01:45:37.218110
b2bfbb18-2491-467f-9969-16492692ae2a,11,d6b38428-b78f-4f76-80cf-be14857b0d0d,RITA DE CASSIA OLIVEIRA(T),2024/1,2024-10-08 01:45:37.218110
f2a4c4d3-b804-4dbf-8845-706267beda26,11,42700fd7-cd7a-4c0c-8dc3-a633eb509342,MONICA DO AMARAL(T),2024/1,2024-10-08 01:45:37.218110
e1a9c981-217f-4c2b-a068-d8e0b06468a2,11,f52580be-80e9-4a1b-a56f-ac9274ad7755,SERGIO EVANGELISTA SILVA(T),2024/1,2024-10-08 01:45:37.218110
c3540b82-2f7c-47ce-9600-8694ba155ac7,11,2ec40546-4ef0-4768-931a-cbebe3d33389,MARESSA NUNES RIBEIRO TAVARES(T),2024/1,2024-10-08 01:45:37.218110
e9be8076-1343-4e1f-87f3-9f915824c977,11,54f02139-46c9-4336-8bb5-fcf2d1b17ee3,MARESSA NUNES RIBEIRO TAVARES(T),2024/1,2024-10-08 01:45:37.218110
e0339a10-2906-4338-87a7-b6055c71f6e0,11,dc6047b2-ecb1-41d1-9036-ce6144d46896,RITA DE CASSIA OLIVEIRA(T),2024/1,2024-10-08 01:45:37.218110
e79c215a-bb51-40d6-868c-c291b08a7726,11,70d8f2eb-1372-421e-ae46-87a8b516c510,PAGANINI BARCELLOS DE OLIVEIRA(T),2024/1,2024-10-08 01:45:37.218110
29ee4b8a-3566-408b-9077-c145c29b3825,11,0906a9ae-c591-4087-b87e-912b1087f8c8,THIAGO AUGUSTO DE OLIVEIRA SILVA(T+P),2024/1,2024-10-08 01:45:37.218110
24527d87-9e48-4caf-acac-cbbfae62c37b,11,307fbd3d-8610-48f4-8502-c937f073f6d2,SERGIO EVANGELISTA SILVA(T),2024/1,2024-10-08 01:45:37.218110
c7cb8284-3750-4f55-a295-ccd48a866dc0,11,3bdc2986-99c4-42d3-81eb-3e558d603cd5,ALEXANDRE XAVIER MARTINS(T) / MARCO TULIO DOMINGUES COSTA(T),2024/1,2024-10-08 01:45:37.218110
e283b57c-4dca-4952-8783-b7c4bdc46904,11,3736df33-a05c-4633-831e-4fecdcbc0646,WAGNER RAGI CURI FILHO(T),2024/1,2024-10-08 01:45:37.218110
81e72ad6-3145-4e53-a731-72c8d9932ddb,11,2db583d0-e5b1-4ff9-a817-e9fdf24bf48a,ALEXANDRE XAVIER MARTINS(T) / MARCO TULIO DOMINGUES COSTA(T+P),2024/1,2024-10-08 01:45:37.218110
c6e6175a-d780-41f2-adfc-7c765a171274,11,6e973e18-9d66-403a-9f41-ab8064a28f40,MONICA DO AMARAL(T+P),2024/1,2024-10-08 01:45:37.218110
b611c059-a485-4483-baf5-4af353600164,11,59583bde-40cc-4db3-81d9-5b26caebffda,CARLA DANIELLE ARAUJO COSTA(T+P),2024/1,2024-10-08 01:45:37.218110
bd6f6b6b-2953-49d3-ae9d-0300e6e9d669,11,5d28f265-7c6f-40b7-960b-5ee9b929903f,GILBERTO DE MIRANDA JUNIOR(T+P),2024/1,2024-10-08 01:45:37.218110
f31f5e14-5c17-4ba0-8f6c-b9b33a090e7e,11,93ffc04a-f2e0-413a-8493-e8f14ebf95e1,THIAGO AUGUSTO DE OLIVEIRA SILVA(T+P),2024/1,2024-10-08 01:45:37.218110
a8465a05-1615-4327-951c-439ffd131ad9,11,507b7e31-19d0-4da6-95f3-97397fb21d44,CARLA DANIELLE ARAUJO COSTA(T),2024/1,2024-10-08 01:45:37.218110
e7c6cac7-a9e1-453a-8009-b24ae02439cb,11,bf17b6d8-4b9e-41f9-980d-9ffe463bbe3e,RITA DE CASSIA OLIVEIRA(T),2024/1,2024-10-08 01:45:37.218110
96552c78-9f22-48bc-9a7e-a1be51c7f42a,11,261b2f8e-0def-4c0f-996c-dca30864409d,MONICA DO AMARAL(T),2024/1,2024-10-08 01:45:37.218110
8f4cb2d6-0848-46c6-9d9d-8b0ad8c44ca5,11,81b4952c-ddd0-4e22-b82a-a9973f93be3e,RAFAEL LUCAS MACHADO PINTO(T+P),2024/1,2024-10-08 01:45:37.218110
ca28638f-1c72-4711-ace4-80c42cb06b1e,11,d6f30e14-3f16-4d16-aa50-ed47cc3a0c0d,FREDERICO CESAR DE VASCONCELOS GOMES(T),2024/1,2024-10-08 01:45:37.218110
cf2c3f62-0bcc-444d-a1e1-acedc8a6d390,11,05ac675d-1062-4d59-99dc-cd25e36e42fc,GILBERTO DE MIRANDA JUNIOR(T),2024/1,2024-10-08 01:45:37.218110
fca4f424-6d98-4394-a557-c01305698545,11,a84cb08c-361a-4571-93cb-ec00350e67f8,CINTHIA VERSIANI SCOTT VARELLA(T),2024/1,2024-10-08 01:45:37.218110
558f56fe-9e45-4532-8e13-01ae76cd4bef,11,eca7fccc-5233-4cb5-a2da-24d1c0cb7984,EVA BESSA SOARES(T),2024/1,2024-10-08 01:45:37.218110
c2d5d2db-813b-4180-a714-bf0201349187,11,1759e1d8-fe3e-4b8a-abd0-bd1551bb12c5,RAFAEL LUCAS MACHADO PINTO(T+P),2024/1,2024-10-08 01:45:37.218110
42b66d91-455a-4f97-8e6c-935d1dfb97ed,181,4edf62f6-3169-411c-af83-f4b1a0ff537c,JACKS RICHARD DE PAULO(T+P),2024/1,2024-10-08 01:45:37.218110
dc0c615f-5954-4a64-9bda-74529d750508,181,a07f4c8d-c48b-46b2-893c-11ac23e36e0c,INAJARA DE SALLES VIANA NEVES(T),2024/1,2024-10-08 01:45:37.218110
4371340a-345f-41a2-bd07-058cb1aa2d6e,181,24284b64-054a-42f4-821c-38ec4102e616,EXZOLVILDRES QUEIROZ NETO(T+P),2024/1,2024-10-08 01:45:37.218110
c49ab7b2-f0d6-42fd-a401-ae4a4f11199a,302,1c1559cb-ce54-4b53-b249-ca9fd0e16dd5,EXZOLVILDRES QUEIROZ NETO(T),2024/1,2024-10-08 01:45:37.218110
3fa4f153-87b8-4c4f-be37-9771f4c756e0,304,1c1559cb-ce54-4b53-b249-ca9fd0e16dd5,EXZOLVILDRES QUEIROZ NETO(T),2024/1,2024-10-08 01:45:37.218110
5f16bb5b-dbda-4f04-bd76-4512f57aa25a,308,1c1559cb-ce54-4b53-b249-ca9fd0e16dd5,EXZOLVILDRES QUEIROZ NETO(T),2024/1,2024-10-08 01:45:37.218110
ca92cfd8-8eb9-4580-93a8-139b2d8ba731,309,1c1559cb-ce54-4b53-b249-ca9fd0e16dd5,EXZOLVILDRES QUEIROZ NETO(T),2024/1,2024-10-08 01:45:37.218110
37c6db06-4349-44cb-bac7-2a9d645db97c,312,1c1559cb-ce54-4b53-b249-ca9fd0e16dd5,EXZOLVILDRES QUEIROZ NETO(T),2024/1,2024-10-08 01:45:37.218110
35e9f3f5-2e4f-4843-968a-ecc0ab43a569,318,1c1559cb-ce54-4b53-b249-ca9fd0e16dd5,EXZOLVILDRES QUEIROZ NETO(T),2024/1,2024-10-08 01:45:37.218110
374074fe-ae8c-4640-a7fa-7abd3a75d290,319,1c1559cb-ce54-4b53-b249-ca9fd0e16dd5,EXZOLVILDRES QUEIROZ NETO(T),2024/1,2024-10-08 01:45:37.218110
88f5f54c-eb55-491b-bb4b-e0506a742602,320,1c1559cb-ce54-4b53-b249-ca9fd0e16dd5,EXZOLVILDRES QUEIROZ NETO(T),2024/1,2024-10-08 01:45:37.218110
671a4bac-b80c-41ba-888b-6ccf001bb084,302,c34a98c7-37d9-426b-a8ab-934eed64f15f,JANETE FLOR DE MAIO FONSECA(T),2024/1,2024-10-08 01:45:37.218110
f8752ea3-23bf-42c8-bc50-1e9969be4a8a,304,c34a98c7-37d9-426b-a8ab-934eed64f15f,JANETE FLOR DE MAIO FONSECA(T),2024/1,2024-10-08 01:45:37.218110
ea5b7f42-2625-413c-b978-ab8338129c77,308,c34a98c7-37d9-426b-a8ab-934eed64f15f,JANETE FLOR DE MAIO FONSECA(T),2024/1,2024-10-08 01:45:37.218110
c06fb266-b7cb-4bb0-8033-6a5952949767,309,c34a98c7-37d9-426b-a8ab-934eed64f15f,JANETE FLOR DE MAIO FONSECA(T),2024/1,2024-10-08 01:45:37.218110
f41364a3-1dc5-4008-b41a-d591aa4751d3,312,c34a98c7-37d9-426b-a8ab-934eed64f15f,JANETE FLOR DE MAIO FONSECA(T),2024/1,2024-10-08 01:45:37.218110
96f4d826-8ce6-4a88-bd52-d4e66b01d0b9,318,c34a98c7-37d9-426b-a8ab-934eed64f15f,JANETE FLOR DE MAIO FONSECA(T),2024/1,2024-10-08 01:45:37.218110
56ed9407-cf4b-4593-97a4-1750d4434206,319,c34a98c7-37d9-426b-a8ab-934eed64f15f,JANETE FLOR DE MAIO FONSECA(T),2024/1,2024-10-08 01:45:37.218110
206d8f55-79da-44ca-89c2-434ef2c19fc7,320,c34a98c7-37d9-426b-a8ab-934eed64f15f,JANETE FLOR DE MAIO FONSECA(T),2024/1,2024-10-08 01:45:37.218110
4adabf59-35c9-4504-ba33-7daff8716844,51,ee6532a0-8934-4a67-a69d-cae876e5dea7,MILTON ROSA(T),2024/1,2024-10-08 01:45:37.218110
104bc72b-eb2d-4464-968c-4e77644a8d02,336,ee6532a0-8934-4a67-a69d-cae876e5dea7,MILTON ROSA(T),2024/1,2024-10-08 01:45:37.218110
cf9f1196-688d-47d8-a700-f41541d7c906,337,ee6532a0-8934-4a67-a69d-cae876e5dea7,MILTON ROSA(T),2024/1,2024-10-08 01:45:37.218110
03335fe5-6a17-4474-aa68-967e42436932,338,ee6532a0-8934-4a67-a69d-cae876e5dea7,MILTON ROSA(T),2024/1,2024-10-08 01:45:37.218110
a20c98aa-b948-4f87-a95e-74d27d2878e9,339,ee6532a0-8934-4a67-a69d-cae876e5dea7,MILTON ROSA(T),2024/1,2024-10-08 01:45:37.218110
31773c65-d4d1-4bf8-ae19-8a3a0f20654f,340,ee6532a0-8934-4a67-a69d-cae876e5dea7,MILTON ROSA(T),2024/1,2024-10-08 01:45:37.218110
e901e353-224d-45e6-9114-2887024d53b3,51,6c9b9136-6b0b-4b77-83dd-ae95bc900bf4,JORGE LUIS COSTA(T+P),2024/1,2024-10-08 01:45:37.218110
c2dd41fe-0583-40b5-9b52-93784dc8ee91,336,6c9b9136-6b0b-4b77-83dd-ae95bc900bf4,JORGE LUIS COSTA(T+P),2024/1,2024-10-08 01:45:37.218110
b65fe5e6-9879-4f38-ac51-1662cc2a8a5b,337,6c9b9136-6b0b-4b77-83dd-ae95bc900bf4,JORGE LUIS COSTA(T+P),2024/1,2024-10-08 01:45:37.218110
08349e62-3c3c-4b8e-9a32-efa15e72d276,338,6c9b9136-6b0b-4b77-83dd-ae95bc900bf4,JORGE LUIS COSTA(T+P),2024/1,2024-10-08 01:45:37.218110
a929462a-6e0e-43de-aa06-ef11165916ff,339,6c9b9136-6b0b-4b77-83dd-ae95bc900bf4,JORGE LUIS COSTA(T+P),2024/1,2024-10-08 01:45:37.218110
739bcc7d-bbae-4126-b1c8-5274b3b92035,340,6c9b9136-6b0b-4b77-83dd-ae95bc900bf4,JORGE LUIS COSTA(T+P),2024/1,2024-10-08 01:45:37.218110
7710485a-5e4d-4740-8099-1e8824663a0a,51,f5d67100-391c-44ca-9b1e-377016d93abe,JORGE LUIS COSTA(T+P),2024/1,2024-10-08 01:45:37.218110
97610eb3-e20a-4623-8a08-89ee3bc43eb9,336,f5d67100-391c-44ca-9b1e-377016d93abe,JORGE LUIS COSTA(T+P),2024/1,2024-10-08 01:45:37.218110
ef7563c6-9080-40ee-8f44-9f2bfe310925,337,f5d67100-391c-44ca-9b1e-377016d93abe,JORGE LUIS COSTA(T+P),2024/1,2024-10-08 01:45:37.218110
fa76bc8b-88ba-48fd-afcc-168e8cb1ba89,338,f5d67100-391c-44ca-9b1e-377016d93abe,JORGE LUIS COSTA(T+P),2024/1,2024-10-08 01:45:37.218110
70f7fe9f-fef9-495c-9ff9-4cca15415ed4,339,f5d67100-391c-44ca-9b1e-377016d93abe,JORGE LUIS COSTA(T+P),2024/1,2024-10-08 01:45:37.218110
4eca76e5-20f0-4581-bb6c-ef53a6a98804,340,f5d67100-391c-44ca-9b1e-377016d93abe,JORGE LUIS COSTA(T+P),2024/1,2024-10-08 01:45:37.218110
eb1ab73c-34d2-48dc-86ff-2dbb831c0656,51,34f54231-a522-4643-b96a-5eddea0ee9b6,FABIANO TEIXEIRA GARCIA(T+P),2024/1,2024-10-08 01:45:37.218110
ff20b20e-bbb8-4c27-b8d0-f6d3f3223eb1,336,34f54231-a522-4643-b96a-5eddea0ee9b6,FABIANO TEIXEIRA GARCIA(T+P),2024/1,2024-10-08 01:45:37.218110
fa340722-3f4d-4f27-9fac-c6390b29059c,337,34f54231-a522-4643-b96a-5eddea0ee9b6,FABIANO TEIXEIRA GARCIA(T+P),2024/1,2024-10-08 01:45:37.218110
f7eaa8d8-4c45-47ad-9116-1f0d0c93239b,338,34f54231-a522-4643-b96a-5eddea0ee9b6,FABIANO TEIXEIRA GARCIA(T+P),2024/1,2024-10-08 01:45:37.218110
f2e2969f-69ee-49cb-b082-2be5b93b40da,339,34f54231-a522-4643-b96a-5eddea0ee9b6,FABIANO TEIXEIRA GARCIA(T+P),2024/1,2024-10-08 01:45:37.218110
c412a755-294d-4e5c-8db7-6a587fef80a3,340,34f54231-a522-4643-b96a-5eddea0ee9b6,FABIANO TEIXEIRA GARCIA(T+P),2024/1,2024-10-08 01:45:37.218110
c48e7de8-3ad5-450d-9d76-b93e6b3822fd,51,fcaa5e54-447e-4bbe-b30e-4814431ecf1d,INAJARA DE SALLES VIANA NEVES(T+P),2024/1,2024-10-08 01:45:37.218110
b16391d8-e566-4b8e-b02f-05b776c5ecae,51,4060c930-2f65-4427-8ef7-98a7159c6a5b,CLAUDIA RAQUEL MARTINS CORREA(T),2024/1,2024-10-08 01:45:37.218110
358c245a-0877-4b5c-8d1c-f6de049de7d4,299,4060c930-2f65-4427-8ef7-98a7159c6a5b,CLAUDIA RAQUEL MARTINS CORREA(T),2024/1,2024-10-08 01:45:37.218110
0b94bd75-ee58-4271-9259-26eef754cfe8,300,4060c930-2f65-4427-8ef7-98a7159c6a5b,CLAUDIA RAQUEL MARTINS CORREA(T),2024/1,2024-10-08 01:45:37.218110
1b71be89-2d12-439d-861d-30682a7720f4,306,4060c930-2f65-4427-8ef7-98a7159c6a5b,CLAUDIA RAQUEL MARTINS CORREA(T),2024/1,2024-10-08 01:45:37.218110
d65818be-28ba-4276-a061-ec0986227c0f,307,4060c930-2f65-4427-8ef7-98a7159c6a5b,CLAUDIA RAQUEL MARTINS CORREA(T),2024/1,2024-10-08 01:45:37.218110
fa028cc6-3a5e-4062-888c-a9cd60e60e2e,310,4060c930-2f65-4427-8ef7-98a7159c6a5b,CLAUDIA RAQUEL MARTINS CORREA(T),2024/1,2024-10-08 01:45:37.218110
d05f252d-f780-4a7f-afdb-b0e2ba315ba7,313,4060c930-2f65-4427-8ef7-98a7159c6a5b,CLAUDIA RAQUEL MARTINS CORREA(T),2024/1,2024-10-08 01:45:37.218110
0025c14d-77ca-4966-b350-167465d5bb33,315,4060c930-2f65-4427-8ef7-98a7159c6a5b,CLAUDIA RAQUEL MARTINS CORREA(T),2024/1,2024-10-08 01:45:37.218110
cf6acd79-d1af-4d88-8a2c-9a6b25e70151,321,4060c930-2f65-4427-8ef7-98a7159c6a5b,CLAUDIA RAQUEL MARTINS CORREA(T),2024/1,2024-10-08 01:45:37.218110
bfef6779-aa14-4d6d-b0c7-2df1c09e3488,51,91bf836f-c728-4197-9a7c-44795b61c692,JACKS RICHARD DE PAULO(T+P),2024/1,2024-10-08 01:45:37.218110
5932ad96-22ad-460e-bf8d-faf67ea2116d,299,91bf836f-c728-4197-9a7c-44795b61c692,JACKS RICHARD DE PAULO(T+P),2024/1,2024-10-08 01:45:37.218110
baa01321-7522-49be-a970-25a22e66ff77,300,91bf836f-c728-4197-9a7c-44795b61c692,JACKS RICHARD DE PAULO(T+P),2024/1,2024-10-08 01:45:37.218110
d81184b7-07b4-4143-9533-a31c4e1ea90e,306,91bf836f-c728-4197-9a7c-44795b61c692,JACKS RICHARD DE PAULO(T+P),2024/1,2024-10-08 01:45:37.218110
377e434e-f5e1-4a47-a53b-09565d0f0d24,307,91bf836f-c728-4197-9a7c-44795b61c692,JACKS RICHARD DE PAULO(T+P),2024/1,2024-10-08 01:45:37.218110
05d93c07-1789-4261-8b8d-ae61ac3d1648,310,91bf836f-c728-4197-9a7c-44795b61c692,JACKS RICHARD DE PAULO(T+P),2024/1,2024-10-08 01:45:37.218110
1c1e99b5-dc0f-4c49-9dc5-7f6a247a3338,313,91bf836f-c728-4197-9a7c-44795b61c692,JACKS RICHARD DE PAULO(T+P),2024/1,2024-10-08 01:45:37.218110
f4ab6d42-57ba-4e0f-b313-c912d44e201a,315,91bf836f-c728-4197-9a7c-44795b61c692,JACKS RICHARD DE PAULO(T+P),2024/1,2024-10-08 01:45:37.218110
4a6fe93b-07cd-470a-9011-0ac55d0ec180,321,91bf836f-c728-4197-9a7c-44795b61c692,JACKS RICHARD DE PAULO(T+P),2024/1,2024-10-08 01:45:37.218110
c9601f49-d091-4fae-a688-ff7a5b27706d,51,113650f8-99b1-4005-b5ba-9537d56de0c1,CLAUDIA RAQUEL MARTINS CORREA(T),2024/1,2024-10-08 01:45:37.218110
1ab84072-e8d8-48b0-bb2f-3343f0352638,299,113650f8-99b1-4005-b5ba-9537d56de0c1,CLAUDIA RAQUEL MARTINS CORREA(T),2024/1,2024-10-08 01:45:37.218110
fe7ae1a6-8b79-4edd-92f6-7ab077757e12,300,113650f8-99b1-4005-b5ba-9537d56de0c1,CLAUDIA RAQUEL MARTINS CORREA(T),2024/1,2024-10-08 01:45:37.218110
828fb21a-d5bd-4ab7-a6e0-c3b79d6c74ea,306,113650f8-99b1-4005-b5ba-9537d56de0c1,CLAUDIA RAQUEL MARTINS CORREA(T),2024/1,2024-10-08 01:45:37.218110
722c9630-e56a-4576-b415-920366287baa,307,113650f8-99b1-4005-b5ba-9537d56de0c1,CLAUDIA RAQUEL MARTINS CORREA(T),2024/1,2024-10-08 01:45:37.218110
405bbd18-5e2b-4067-9611-d07e956ec879,310,113650f8-99b1-4005-b5ba-9537d56de0c1,CLAUDIA RAQUEL MARTINS CORREA(T),2024/1,2024-10-08 01:45:37.218110
7c5726be-f2b8-47dc-9980-346d4cebece6,313,113650f8-99b1-4005-b5ba-9537d56de0c1,CLAUDIA RAQUEL MARTINS CORREA(T),2024/1,2024-10-08 01:45:37.218110
e8849c41-4ca7-4634-a147-c128f851a8d8,315,113650f8-99b1-4005-b5ba-9537d56de0c1,CLAUDIA RAQUEL MARTINS CORREA(T),2024/1,2024-10-08 01:45:37.218110
b4e3de8e-6ee3-4cd8-a033-9a636cdc1bdd,321,113650f8-99b1-4005-b5ba-9537d56de0c1,CLAUDIA RAQUEL MARTINS CORREA(T),2024/1,2024-10-08 01:45:37.218110
d2a272a9-3a9f-48ad-a932-bfafb8addfd4,51,269ea89d-06aa-417d-a5e4-a73df2adc30f,ADRIANA MARIA TONINI(T+P),2024/1,2024-10-08 01:45:37.218110
4e67812f-2aab-47e3-875a-986e0aec93ca,299,269ea89d-06aa-417d-a5e4-a73df2adc30f,ADRIANA MARIA TONINI(T+P),2024/1,2024-10-08 01:45:37.218110
f8e60cd6-6dca-49f7-91c8-a30dc34c394c,300,269ea89d-06aa-417d-a5e4-a73df2adc30f,ADRIANA MARIA TONINI(T+P),2024/1,2024-10-08 01:45:37.218110
b2542edb-8407-4d0a-9cd4-73ba486a2fa4,306,269ea89d-06aa-417d-a5e4-a73df2adc30f,ADRIANA MARIA TONINI(T+P),2024/1,2024-10-08 01:45:37.218110
616268a4-3026-44bd-95aa-8229f6a45d31,307,269ea89d-06aa-417d-a5e4-a73df2adc30f,ADRIANA MARIA TONINI(T+P),2024/1,2024-10-08 01:45:37.218110
2bc93e6d-d4fe-428e-b8e8-dbe90062d55a,310,269ea89d-06aa-417d-a5e4-a73df2adc30f,ADRIANA MARIA TONINI(T+P),2024/1,2024-10-08 01:45:37.218110
c497c261-6627-449e-b6d3-162475876655,313,269ea89d-06aa-417d-a5e4-a73df2adc30f,ADRIANA MARIA TONINI(T+P),2024/1,2024-10-08 01:45:37.218110
56234c54-cd56-4608-ba16-542063f47e77,315,269ea89d-06aa-417d-a5e4-a73df2adc30f,ADRIANA MARIA TONINI(T+P),2024/1,2024-10-08 01:45:37.218110
fb112112-c771-4627-a634-45c382d280aa,321,269ea89d-06aa-417d-a5e4-a73df2adc30f,ADRIANA MARIA TONINI(T+P),2024/1,2024-10-08 01:45:37.218110
a6cb01c4-b761-415e-b595-88d861b356bf,181,24c99d3c-9e40-46fd-9038-4ab1b5901c58,MARTA BERTIN(T),2024/1,2024-10-08 01:45:37.218110
edc65eaa-eb13-40f3-94b8-72cd5e3a5248,302,7191f8f6-4bb0-46d3-a9b0-7c0a2651fd57,THIAGO MACEDO ALVES DE BRITO(T+P),2024/1,2024-10-08 01:45:37.218110
17b01d44-f857-4e71-b05f-f8ad6bfa037a,304,7191f8f6-4bb0-46d3-a9b0-7c0a2651fd57,THIAGO MACEDO ALVES DE BRITO(T+P),2024/1,2024-10-08 01:45:37.218110
80ffdebf-47fc-4685-bfaf-f1c57fcfbbeb,308,7191f8f6-4bb0-46d3-a9b0-7c0a2651fd57,THIAGO MACEDO ALVES DE BRITO(T+P),2024/1,2024-10-08 01:45:37.218110
4b65b43e-f59e-4cc8-bb66-c55d9a850985,309,7191f8f6-4bb0-46d3-a9b0-7c0a2651fd57,THIAGO MACEDO ALVES DE BRITO(T+P),2024/1,2024-10-08 01:45:37.218110
70d39e51-8f38-4eb6-ac4e-8039e2c4ac9f,312,7191f8f6-4bb0-46d3-a9b0-7c0a2651fd57,THIAGO MACEDO ALVES DE BRITO(T+P),2024/1,2024-10-08 01:45:37.218110
ff77a89d-07b6-42d2-a4b2-8340784c5d82,318,7191f8f6-4bb0-46d3-a9b0-7c0a2651fd57,THIAGO MACEDO ALVES DE BRITO(T+P),2024/1,2024-10-08 01:45:37.218110
e49d39d9-ab40-4ed9-b81f-7a9ef62b4908,319,7191f8f6-4bb0-46d3-a9b0-7c0a2651fd57,THIAGO MACEDO ALVES DE BRITO(T+P),2024/1,2024-10-08 01:45:37.218110
6376034b-022b-4901-858a-486bb57e8da7,320,7191f8f6-4bb0-46d3-a9b0-7c0a2651fd57,THIAGO MACEDO ALVES DE BRITO(T+P),2024/1,2024-10-08 01:45:37.218110
9503a8af-6205-40b7-89d4-4f7a818808cc,60,58e96e70-98f3-4787-87d2-c73fd8367713,JANETE FLOR DE MAIO FONSECA(T),2024/1,2024-10-08 01:45:37.218110
686f55fd-dafa-4050-afa9-c5a8e74c32a7,341,58e96e70-98f3-4787-87d2-c73fd8367713,JANETE FLOR DE MAIO FONSECA(T),2024/1,2024-10-08 01:45:37.218110
d0811e9f-389d-4c10-bb57-1d2e14e6b9c0,342,58e96e70-98f3-4787-87d2-c73fd8367713,JANETE FLOR DE MAIO FONSECA(T),2024/1,2024-10-08 01:45:37.218110
ad38f2da-0126-4eb2-94f7-751bbe3e5450,343,58e96e70-98f3-4787-87d2-c73fd8367713,JANETE FLOR DE MAIO FONSECA(T),2024/1,2024-10-08 01:45:37.218110
94357480-fe34-4b40-b73a-e568113911d0,344,58e96e70-98f3-4787-87d2-c73fd8367713,JANETE FLOR DE MAIO FONSECA(T),2024/1,2024-10-08 01:45:37.218110
01de46ba-1baa-42e4-bfd5-09cff85ec9cd,345,58e96e70-98f3-4787-87d2-c73fd8367713,JANETE FLOR DE MAIO FONSECA(T),2024/1,2024-10-08 01:45:37.218110
a8bb1342-fbf0-427c-8e16-e6ac029ace7c,60,98fc9c6b-b6e6-4bc1-b505-73a7cebeb22a,SANDRA AUGUSTA DE MELO(T+P),2024/1,2024-10-08 01:45:37.218110
0e55d9ac-da95-4421-ae74-54d6b059d536,341,98fc9c6b-b6e6-4bc1-b505-73a7cebeb22a,SANDRA AUGUSTA DE MELO(T+P),2024/1,2024-10-08 01:45:37.218110
18ae4787-ccd6-42f6-9f09-4233e328dad8,342,98fc9c6b-b6e6-4bc1-b505-73a7cebeb22a,SANDRA AUGUSTA DE MELO(T+P),2024/1,2024-10-08 01:45:37.218110
0ab0ae38-83c5-446c-b354-3edc69468593,343,98fc9c6b-b6e6-4bc1-b505-73a7cebeb22a,SANDRA AUGUSTA DE MELO(T+P),2024/1,2024-10-08 01:45:37.218110
29a816b2-979c-4a9f-be48-bf5e81547ee1,344,98fc9c6b-b6e6-4bc1-b505-73a7cebeb22a,SANDRA AUGUSTA DE MELO(T+P),2024/1,2024-10-08 01:45:37.218110
95018b91-734f-45bc-9241-7bb0ef364d5b,345,98fc9c6b-b6e6-4bc1-b505-73a7cebeb22a,SANDRA AUGUSTA DE MELO(T+P),2024/1,2024-10-08 01:45:37.218110
9f4286da-df14-4cb7-8e00-0875578eeee4,60,a997f789-2435-46ab-b98b-a0c810872d27,MARCIA AMBROSIO RODRIGUES REZENDE(T+P),2024/1,2024-10-08 01:45:37.218110
1a7435c6-28ca-4144-bb08-e2ad89274875,341,a997f789-2435-46ab-b98b-a0c810872d27,MARCIA AMBROSIO RODRIGUES REZENDE(T+P),2024/1,2024-10-08 01:45:37.218110
7f84192b-a7e7-455a-a908-0e82418510fa,342,a997f789-2435-46ab-b98b-a0c810872d27,MARCIA AMBROSIO RODRIGUES REZENDE(T+P),2024/1,2024-10-08 01:45:37.218110
80cf0306-0db9-4837-a9f9-acfc34b42857,343,a997f789-2435-46ab-b98b-a0c810872d27,MARCIA AMBROSIO RODRIGUES REZENDE(T+P),2024/1,2024-10-08 01:45:37.218110
d3d27cb6-2768-4707-872f-b62edbb010d5,344,a997f789-2435-46ab-b98b-a0c810872d27,MARCIA AMBROSIO RODRIGUES REZENDE(T+P),2024/1,2024-10-08 01:45:37.218110
d59e7d78-9579-4919-a3ba-f91b98aa0700,345,a997f789-2435-46ab-b98b-a0c810872d27,MARCIA AMBROSIO RODRIGUES REZENDE(T+P),2024/1,2024-10-08 01:45:37.218110
599a2e97-3138-4ddc-9e68-6af91d41340c,181,314cf51f-a419-4c8f-99bb-c09b96365809,MARTA BERTIN(T+P),2024/1,2024-10-08 01:45:37.218110
41fe51f3-1703-4458-95a6-2573bd92d980,60,4ea22dd1-986d-4064-aab5-1377576a85b3,ROSANGELA MARCIA MAGALHAES(T+P),2024/1,2024-10-08 01:45:37.218110
69bb0ecf-9f4b-47f0-857f-2a9037dd5385,60,77f621ac-7804-4f76-9f75-b67e8cd819b0,GLAUCIA MARIA DOS SANTOS JORGE(T+P),2024/1,2024-10-08 01:45:37.218110
609cf74b-a116-487b-8cc5-62e466ce4585,60,8f2274a4-3c2c-4c81-a67e-1ae87ee0f5ea,HAROLDO LUIZ BERTOLDO(T),2024/1,2024-10-08 01:45:37.218110
ac11740a-2f12-48ac-8ab7-bfa7e680bec3,301,8f2274a4-3c2c-4c81-a67e-1ae87ee0f5ea,HAROLDO LUIZ BERTOLDO(T),2024/1,2024-10-08 01:45:37.218110
51ccd41a-83a7-42ab-9955-dbf3a423547f,303,8f2274a4-3c2c-4c81-a67e-1ae87ee0f5ea,HAROLDO LUIZ BERTOLDO(T),2024/1,2024-10-08 01:45:37.218110
0c519bae-f665-4830-972c-d49a93fbe96b,305,8f2274a4-3c2c-4c81-a67e-1ae87ee0f5ea,HAROLDO LUIZ BERTOLDO(T),2024/1,2024-10-08 01:45:37.218110
31913eec-0964-4675-b839-4f456366ff7b,311,8f2274a4-3c2c-4c81-a67e-1ae87ee0f5ea,HAROLDO LUIZ BERTOLDO(T),2024/1,2024-10-08 01:45:37.218110
18fd87cb-27a7-4b2d-83f2-4e7475778a11,314,8f2274a4-3c2c-4c81-a67e-1ae87ee0f5ea,HAROLDO LUIZ BERTOLDO(T),2024/1,2024-10-08 01:45:37.218110
97159c4f-b491-4f88-8271-1dc3c916aa9f,316,8f2274a4-3c2c-4c81-a67e-1ae87ee0f5ea,HAROLDO LUIZ BERTOLDO(T),2024/1,2024-10-08 01:45:37.218110
1756f6dc-9d4c-4f13-8639-1f1c38d48e14,317,8f2274a4-3c2c-4c81-a67e-1ae87ee0f5ea,HAROLDO LUIZ BERTOLDO(T),2024/1,2024-10-08 01:45:37.218110
726ff6bd-aebd-4e1e-9987-1932a9021008,322,8f2274a4-3c2c-4c81-a67e-1ae87ee0f5ea,HAROLDO LUIZ BERTOLDO(T),2024/1,2024-10-08 01:45:37.218110
79d026ed-417e-49f4-b6fb-500a041eca16,60,085554a2-c6fe-4fa7-9af4-5747e19a8bf6,HAROLDO LUIZ BERTOLDO(T),2024/1,2024-10-08 01:45:37.218110
8f4e37ed-c229-4ca6-8006-d142a9acacb9,301,085554a2-c6fe-4fa7-9af4-5747e19a8bf6,HAROLDO LUIZ BERTOLDO(T),2024/1,2024-10-08 01:45:37.218110
48128f8e-fb51-4001-aaf2-d23a071f9ad3,303,085554a2-c6fe-4fa7-9af4-5747e19a8bf6,HAROLDO LUIZ BERTOLDO(T),2024/1,2024-10-08 01:45:37.218110
2f7bc5e0-8ace-4e48-95ed-712361f9f0c5,305,085554a2-c6fe-4fa7-9af4-5747e19a8bf6,HAROLDO LUIZ BERTOLDO(T),2024/1,2024-10-08 01:45:37.218110
e7fd87fd-bca4-4d98-ac37-88c2cefd3548,311,085554a2-c6fe-4fa7-9af4-5747e19a8bf6,HAROLDO LUIZ BERTOLDO(T),2024/1,2024-10-08 01:45:37.218110
41806c59-31d3-4f55-ab6b-41bcb15de291,314,085554a2-c6fe-4fa7-9af4-5747e19a8bf6,HAROLDO LUIZ BERTOLDO(T),2024/1,2024-10-08 01:45:37.218110
bd4b3db0-f0a8-45c3-be26-ac4b49be0e75,316,085554a2-c6fe-4fa7-9af4-5747e19a8bf6,HAROLDO LUIZ BERTOLDO(T),2024/1,2024-10-08 01:45:37.218110
b3b88a95-5340-4618-931b-d14b550cd393,317,085554a2-c6fe-4fa7-9af4-5747e19a8bf6,HAROLDO LUIZ BERTOLDO(T),2024/1,2024-10-08 01:45:37.218110
9a112c3b-886d-47d9-83ee-5e50f410c0d2,322,085554a2-c6fe-4fa7-9af4-5747e19a8bf6,HAROLDO LUIZ BERTOLDO(T),2024/1,2024-10-08 01:45:37.218110
9970c581-828b-4226-84ee-5cc1e3b20bc5,60,603c28d3-18cd-4d9d-adcc-dc342d5bbe5c,MARCIA AMBROSIO RODRIGUES REZENDE(T),2024/1,2024-10-08 01:45:37.218110
7b0a2ecd-9fd5-4cab-9794-9b221701c049,301,603c28d3-18cd-4d9d-adcc-dc342d5bbe5c,MARCIA AMBROSIO RODRIGUES REZENDE(T),2024/1,2024-10-08 01:45:37.218110
61557e4a-ec05-47e2-acbe-6989c39be1e5,303,603c28d3-18cd-4d9d-adcc-dc342d5bbe5c,MARCIA AMBROSIO RODRIGUES REZENDE(T),2024/1,2024-10-08 01:45:37.218110
fa6b4b4e-e31c-44c5-9342-8d3fd2e4d303,305,603c28d3-18cd-4d9d-adcc-dc342d5bbe5c,MARCIA AMBROSIO RODRIGUES REZENDE(T),2024/1,2024-10-08 01:45:37.218110
f2bf7903-70f8-41f2-9c33-e2db6d9e4b98,311,603c28d3-18cd-4d9d-adcc-dc342d5bbe5c,MARCIA AMBROSIO RODRIGUES REZENDE(T),2024/1,2024-10-08 01:45:37.218110
00bdc23a-380b-44c3-87fa-250abc0f5e3c,314,603c28d3-18cd-4d9d-adcc-dc342d5bbe5c,MARCIA AMBROSIO RODRIGUES REZENDE(T),2024/1,2024-10-08 01:45:37.218110
78dbccbf-962b-44de-a3c0-36f64cdefa9e,316,603c28d3-18cd-4d9d-adcc-dc342d5bbe5c,MARCIA AMBROSIO RODRIGUES REZENDE(T),2024/1,2024-10-08 01:45:37.218110
7c281563-09cb-4d75-a3cd-0e639fce636e,317,603c28d3-18cd-4d9d-adcc-dc342d5bbe5c,MARCIA AMBROSIO RODRIGUES REZENDE(T),2024/1,2024-10-08 01:45:37.218110
84c3a0e1-5361-4aa2-bfce-bdb24e108c02,322,603c28d3-18cd-4d9d-adcc-dc342d5bbe5c,MARCIA AMBROSIO RODRIGUES REZENDE(T),2024/1,2024-10-08 01:45:37.218110
a71f1ee2-397a-43dd-aceb-30f68609b37b,60,8b17e4dd-4cdc-4d06-bdf3-a8381ef499bc,ANDRE FELIPE PINTO DUARTE(T),2024/1,2024-10-08 01:45:37.218110
8eccb25e-2bbf-4046-ad44-1388480bb485,301,8b17e4dd-4cdc-4d06-bdf3-a8381ef499bc,ANDRE FELIPE PINTO DUARTE(T),2024/1,2024-10-08 01:45:37.218110
25db9c18-8d77-4b94-92a7-e693bc25b6ec,303,8b17e4dd-4cdc-4d06-bdf3-a8381ef499bc,ANDRE FELIPE PINTO DUARTE(T),2024/1,2024-10-08 01:45:37.218110
53cef228-3756-44ac-b5fa-bcbe0e902f9e,305,8b17e4dd-4cdc-4d06-bdf3-a8381ef499bc,ANDRE FELIPE PINTO DUARTE(T),2024/1,2024-10-08 01:45:37.218110
3f9e3cee-3da0-4082-a8a8-383c8c1d1e4a,311,8b17e4dd-4cdc-4d06-bdf3-a8381ef499bc,ANDRE FELIPE PINTO DUARTE(T),2024/1,2024-10-08 01:45:37.218110
802f94f1-e099-46a3-b6e7-83fbc9dccf0d,314,8b17e4dd-4cdc-4d06-bdf3-a8381ef499bc,ANDRE FELIPE PINTO DUARTE(T),2024/1,2024-10-08 01:45:37.218110
e4216700-4311-42a3-ab1e-5f1548fea899,316,8b17e4dd-4cdc-4d06-bdf3-a8381ef499bc,ANDRE FELIPE PINTO DUARTE(T),2024/1,2024-10-08 01:45:37.218110
3c59bb15-4169-497b-adbe-cd668b2cdb54,317,8b17e4dd-4cdc-4d06-bdf3-a8381ef499bc,ANDRE FELIPE PINTO DUARTE(T),2024/1,2024-10-08 01:45:37.218110
4f94bb38-dbee-49d7-9ed2-4f0202f44826,322,8b17e4dd-4cdc-4d06-bdf3-a8381ef499bc,ANDRE FELIPE PINTO DUARTE(T),2024/1,2024-10-08 01:45:37.218110
ed3fbd32-b14e-4bbe-9364-0549aac27895,60,5b1e48b1-7565-4d9a-8afe-f36104d00379,KATIA GARDENIA HENRIQUE DA ROCHA(T+P),2024/1,2024-10-08 01:45:37.218110
f58d3512-2906-434e-b07d-95dcf7c52978,301,5b1e48b1-7565-4d9a-8afe-f36104d00379,KATIA GARDENIA HENRIQUE DA ROCHA(T+P),2024/1,2024-10-08 01:45:37.218110
73dc898e-1bbb-44f7-864c-1b7924492e71,303,5b1e48b1-7565-4d9a-8afe-f36104d00379,KATIA GARDENIA HENRIQUE DA ROCHA(T+P),2024/1,2024-10-08 01:45:37.218110
6256b000-2f5a-44ad-8d08-b838b982bdeb,305,5b1e48b1-7565-4d9a-8afe-f36104d00379,KATIA GARDENIA HENRIQUE DA ROCHA(T+P),2024/1,2024-10-08 01:45:37.218110
11e8b5fe-c701-434d-824c-af9a9ff2bd38,311,5b1e48b1-7565-4d9a-8afe-f36104d00379,KATIA GARDENIA HENRIQUE DA ROCHA(T+P),2024/1,2024-10-08 01:45:37.218110
43f083c7-ec5b-4d11-92c8-a4fd54ed3b03,314,5b1e48b1-7565-4d9a-8afe-f36104d00379,KATIA GARDENIA HENRIQUE DA ROCHA(T+P),2024/1,2024-10-08 01:45:37.218110
5211b183-a48b-4e51-9060-ccb01eef9876,316,5b1e48b1-7565-4d9a-8afe-f36104d00379,KATIA GARDENIA HENRIQUE DA ROCHA(T+P),2024/1,2024-10-08 01:45:37.218110
dc7b6713-d414-4351-9a9f-7e4934aeff8a,317,5b1e48b1-7565-4d9a-8afe-f36104d00379,KATIA GARDENIA HENRIQUE DA ROCHA(T+P),2024/1,2024-10-08 01:45:37.218110
00edcb6b-582b-4489-95e3-1bab779beb32,322,5b1e48b1-7565-4d9a-8afe-f36104d00379,KATIA GARDENIA HENRIQUE DA ROCHA(T+P),2024/1,2024-10-08 01:45:37.218110
a0b1991e-0a93-465e-971a-92805e54dd51,60,f6cf1def-6133-4993-9133-efb0c7f53de6,JANETE FLOR DE MAIO FONSECA(T+P),2024/1,2024-10-08 01:45:37.218110
f15448ba-eb71-45b3-8aeb-2e66df0cd8a4,301,f6cf1def-6133-4993-9133-efb0c7f53de6,JANETE FLOR DE MAIO FONSECA(T+P),2024/1,2024-10-08 01:45:37.218110
cf6a1ae4-8186-47f3-a082-f41668cacade,303,f6cf1def-6133-4993-9133-efb0c7f53de6,JANETE FLOR DE MAIO FONSECA(T+P),2024/1,2024-10-08 01:45:37.218110
c8786626-ea49-405b-83f6-5133dc6f9a39,305,f6cf1def-6133-4993-9133-efb0c7f53de6,JANETE FLOR DE MAIO FONSECA(T+P),2024/1,2024-10-08 01:45:37.218110
e44bef09-894b-4578-be80-116a01e05db8,311,f6cf1def-6133-4993-9133-efb0c7f53de6,JANETE FLOR DE MAIO FONSECA(T+P),2024/1,2024-10-08 01:45:37.218110
2aacf1aa-a86e-4599-988c-31642f58376a,314,f6cf1def-6133-4993-9133-efb0c7f53de6,JANETE FLOR DE MAIO FONSECA(T+P),2024/1,2024-10-08 01:45:37.218110
73074572-b4ae-42d6-b02e-fd61ecf3f1eb,316,f6cf1def-6133-4993-9133-efb0c7f53de6,JANETE FLOR DE MAIO FONSECA(T+P),2024/1,2024-10-08 01:45:37.218110
885526ce-49f3-4433-b3e4-931ddc68239a,317,f6cf1def-6133-4993-9133-efb0c7f53de6,JANETE FLOR DE MAIO FONSECA(T+P),2024/1,2024-10-08 01:45:37.218110
46ffb4af-84b8-4d72-a414-e12d64d24516,322,f6cf1def-6133-4993-9133-efb0c7f53de6,JANETE FLOR DE MAIO FONSECA(T+P),2024/1,2024-10-08 01:45:37.218110
60873ee6-3e7e-4de1-9474-72d36b0b5772,60,e8803fbe-063e-487b-8fc1-5425b2b22b03,HAROLDO LUIZ BERTOLDO(T),2024/1,2024-10-08 01:45:37.218110
a06d52b6-cd29-4069-ada2-cc60d5d8af6e,301,e8803fbe-063e-487b-8fc1-5425b2b22b03,HAROLDO LUIZ BERTOLDO(T),2024/1,2024-10-08 01:45:37.218110
48cd0b42-eba2-48e9-aa22-3e1da4136730,303,e8803fbe-063e-487b-8fc1-5425b2b22b03,HAROLDO LUIZ BERTOLDO(T),2024/1,2024-10-08 01:45:37.218110
98bfadcf-1272-4d80-ba49-ea99dfe8637e,305,e8803fbe-063e-487b-8fc1-5425b2b22b03,HAROLDO LUIZ BERTOLDO(T),2024/1,2024-10-08 01:45:37.218110
ac63b223-b6e4-4fe7-a2c7-c10cf4a06c0a,311,e8803fbe-063e-487b-8fc1-5425b2b22b03,HAROLDO LUIZ BERTOLDO(T),2024/1,2024-10-08 01:45:37.218110
4d1be440-138e-4673-9eff-288c04981141,314,e8803fbe-063e-487b-8fc1-5425b2b22b03,HAROLDO LUIZ BERTOLDO(T),2024/1,2024-10-08 01:45:37.218110
ba9cfe46-7394-4a2d-98eb-6f38afbc1a89,316,e8803fbe-063e-487b-8fc1-5425b2b22b03,HAROLDO LUIZ BERTOLDO(T),2024/1,2024-10-08 01:45:37.218110
075bdd91-febf-4095-8120-c708b125993e,317,e8803fbe-063e-487b-8fc1-5425b2b22b03,HAROLDO LUIZ BERTOLDO(T),2024/1,2024-10-08 01:45:37.218110
a9da6f03-9591-46b2-b7f1-ebae37d4aa14,322,e8803fbe-063e-487b-8fc1-5425b2b22b03,HAROLDO LUIZ BERTOLDO(T),2024/1,2024-10-08 01:45:37.218110
3de3280b-f523-4346-b04a-877ebf7c17e7,181,2349556f-22b4-4d1a-84fa-dbf8ff740dc4,JAIRO RODRIGUES SILVA(T+P),2024/1,2024-10-08 01:45:37.218110
6a3984b1-c2eb-4f92-82b6-d9ee6f21f4ed,331,2349556f-22b4-4d1a-84fa-dbf8ff740dc4,JAIRO RODRIGUES SILVA(T+P),2024/1,2024-10-08 01:45:37.218110
afccd6ef-f9ee-49a5-ba4e-1713af4fe48d,332,2349556f-22b4-4d1a-84fa-dbf8ff740dc4,JAIRO RODRIGUES SILVA(T+P),2024/1,2024-10-08 01:45:37.218110
86dbe1cf-ee2a-4c6e-9c3a-d1d803f18c26,333,2349556f-22b4-4d1a-84fa-dbf8ff740dc4,JAIRO RODRIGUES SILVA(T+P),2024/1,2024-10-08 01:45:37.218110
b5e465e8-a6e6-49c1-bc02-b3afbb1c707b,334,2349556f-22b4-4d1a-84fa-dbf8ff740dc4,JAIRO RODRIGUES SILVA(T+P),2024/1,2024-10-08 01:45:37.218110
e7ee667f-8d9b-4405-9d6a-d48a696329c2,335,2349556f-22b4-4d1a-84fa-dbf8ff740dc4,JAIRO RODRIGUES SILVA(T+P),2024/1,2024-10-08 01:45:37.218110
474b5cb8-87df-462c-bb36-98d36dd2cf61,60,7fd0b959-fd1f-4abe-ade9-e156549fe564,ANTONIO MARCELO JACKSON FERREIRA DA SILVA(T+P),2024/1,2024-10-08 01:45:37.218110
990aadb1-c0a5-40d8-83d7-a000387732de,341,7fd0b959-fd1f-4abe-ade9-e156549fe564,ANTONIO MARCELO JACKSON FERREIRA DA SILVA(T+P),2024/1,2024-10-08 01:45:37.218110
cb43bee0-f8f1-4791-ba70-6f38766915f1,342,7fd0b959-fd1f-4abe-ade9-e156549fe564,ANTONIO MARCELO JACKSON FERREIRA DA SILVA(T+P),2024/1,2024-10-08 01:45:37.218110
6bf937ec-6d54-4fc3-8f70-5bdc84a406ae,343,7fd0b959-fd1f-4abe-ade9-e156549fe564,ANTONIO MARCELO JACKSON FERREIRA DA SILVA(T+P),2024/1,2024-10-08 01:45:37.218110
f771c2d6-0944-4f9a-9990-212181ea41ab,344,7fd0b959-fd1f-4abe-ade9-e156549fe564,ANTONIO MARCELO JACKSON FERREIRA DA SILVA(T+P),2024/1,2024-10-08 01:45:37.218110
651f38cb-6b7c-4feb-a5aa-ef073204ad75,345,7fd0b959-fd1f-4abe-ade9-e156549fe564,ANTONIO MARCELO JACKSON FERREIRA DA SILVA(T+P),2024/1,2024-10-08 01:45:37.218110
8dcc62b5-c492-4513-b4ff-3cbd74e09ba1,181,3d065dac-9a63-4f02-a9cb-4b74b7a2a4ee,EXZOLVILDRES QUEIROZ NETO(T+P),2024/1,2024-10-08 01:45:37.218110
5411d83b-3998-476a-82a9-24e9d4d4e669,51,1b5ff52b-612d-4e15-a577-ad6305402535,JORGE LUIS COSTA(T+P),2024/1,2024-10-08 01:45:37.218110
bd5784c8-4ae1-4389-b437-5d16226edffb,181,766da594-d621-4d96-b883-597d78438eeb,,2024/1,2024-10-08 01:45:37.218110
b7aa6705-b702-45f0-84a3-a33a162f288b,181,ffee3a4b-8067-4839-afa3-d788c74f31da,MARTA BERTIN(T+P),2024/1,2024-10-08 01:45:37.218110
963bc835-840b-4e8d-bf2e-a1b575d558df,302,98961772-322c-4764-a544-02a7f796294f,MARTA BERTIN(T+P),2024/1,2024-10-08 01:45:37.218110
85c06c2b-2d33-4a56-8255-3b093abd4634,304,98961772-322c-4764-a544-02a7f796294f,MARTA BERTIN(T+P),2024/1,2024-10-08 01:45:37.218110
161fff05-d2a3-43bc-aa0f-d79b27b20620,308,98961772-322c-4764-a544-02a7f796294f,MARTA BERTIN(T+P),2024/1,2024-10-08 01:45:37.218110
514a29a0-67a4-4670-bcd8-dae8b028210d,309,98961772-322c-4764-a544-02a7f796294f,MARTA BERTIN(T+P),2024/1,2024-10-08 01:45:37.218110
9e7c3f14-50f0-4d26-9349-b25df8b84f08,312,98961772-322c-4764-a544-02a7f796294f,MARTA BERTIN(T+P),2024/1,2024-10-08 01:45:37.218110
0b102ccb-ca28-4299-9c51-342957dacfc5,318,98961772-322c-4764-a544-02a7f796294f,MARTA BERTIN(T+P),2024/1,2024-10-08 01:45:37.218110
41322650-d890-45f9-9cd7-af10352802ef,319,98961772-322c-4764-a544-02a7f796294f,MARTA BERTIN(T+P),2024/1,2024-10-08 01:45:37.218110
ee0ea690-05ff-4790-9cc1-81350aef3197,320,98961772-322c-4764-a544-02a7f796294f,MARTA BERTIN(T+P),2024/1,2024-10-08 01:45:37.218110
d7dff1a8-8b3e-4ca7-9430-99cb90971aa5,302,d4305b1e-4cd8-4492-ab6d-a5b39c8aadde,MARTA BERTIN(T),2024/1,2024-10-08 01:45:37.218110
66c7ee9b-c185-4de2-b089-696c656f13bc,304,d4305b1e-4cd8-4492-ab6d-a5b39c8aadde,MARTA BERTIN(T),2024/1,2024-10-08 01:45:37.218110
47ebc6f8-7da9-457c-9cb3-983b969d8047,308,d4305b1e-4cd8-4492-ab6d-a5b39c8aadde,MARTA BERTIN(T),2024/1,2024-10-08 01:45:37.218110
064dacaa-665d-4360-9849-c2ede97e0c1e,309,d4305b1e-4cd8-4492-ab6d-a5b39c8aadde,MARTA BERTIN(T),2024/1,2024-10-08 01:45:37.218110
0ed863f1-d0af-4d7f-9934-7bed5f8c851f,312,d4305b1e-4cd8-4492-ab6d-a5b39c8aadde,MARTA BERTIN(T),2024/1,2024-10-08 01:45:37.218110
39a9377b-2f90-4dea-b44e-b1c12d7db450,318,d4305b1e-4cd8-4492-ab6d-a5b39c8aadde,MARTA BERTIN(T),2024/1,2024-10-08 01:45:37.218110
9d820150-ac1f-4fcb-a36b-ffa9dde3dc54,319,d4305b1e-4cd8-4492-ab6d-a5b39c8aadde,MARTA BERTIN(T),2024/1,2024-10-08 01:45:37.218110
b73a958d-52e8-4a01-9580-b5333087139b,320,d4305b1e-4cd8-4492-ab6d-a5b39c8aadde,MARTA BERTIN(T),2024/1,2024-10-08 01:45:37.218110
a45296de-ee39-4816-8968-ed3eb710388f,302,dea23445-411b-4216-a05f-1b426865e17e,INAJARA DE SALLES VIANA NEVES(T),2024/1,2024-10-08 01:45:37.218110
12fce178-6cf2-4d1e-b377-c4be81e13770,304,dea23445-411b-4216-a05f-1b426865e17e,INAJARA DE SALLES VIANA NEVES(T),2024/1,2024-10-08 01:45:37.218110
2bc80e47-0765-4725-8f11-e4f369de0a7b,308,dea23445-411b-4216-a05f-1b426865e17e,INAJARA DE SALLES VIANA NEVES(T),2024/1,2024-10-08 01:45:37.218110
4850fe44-68b5-46bb-8140-d2cee1f6d370,309,dea23445-411b-4216-a05f-1b426865e17e,INAJARA DE SALLES VIANA NEVES(T),2024/1,2024-10-08 01:45:37.218110
54d13fd7-4ab8-4f94-bbdb-aa388ad94e4e,312,dea23445-411b-4216-a05f-1b426865e17e,INAJARA DE SALLES VIANA NEVES(T),2024/1,2024-10-08 01:45:37.218110
37158a17-6425-42c4-8a8f-5a957c0d16e8,318,dea23445-411b-4216-a05f-1b426865e17e,INAJARA DE SALLES VIANA NEVES(T),2024/1,2024-10-08 01:45:37.218110
fea7a625-d1da-46aa-836d-8f20ab28c7b3,319,dea23445-411b-4216-a05f-1b426865e17e,INAJARA DE SALLES VIANA NEVES(T),2024/1,2024-10-08 01:45:37.218110
8ef6498d-20a7-42f5-8a1b-5ff4d3ecdce8,320,dea23445-411b-4216-a05f-1b426865e17e,INAJARA DE SALLES VIANA NEVES(T),2024/1,2024-10-08 01:45:37.218110
e02ec3ad-b845-4935-9c1c-3c2e72a10158,60,8d68bea7-c0bf-4c4a-a0c4-fbd3350a70b1,MARTA BERTIN(T+P),2024/1,2024-10-08 01:45:37.218110
0d4f7542-1b20-4d80-aae1-e1d2cf76b3e0,341,8d68bea7-c0bf-4c4a-a0c4-fbd3350a70b1,MARTA BERTIN(T+P),2024/1,2024-10-08 01:45:37.218110
b74d62fd-e66f-4650-968c-0f62fc07f99e,342,8d68bea7-c0bf-4c4a-a0c4-fbd3350a70b1,MARTA BERTIN(T+P),2024/1,2024-10-08 01:45:37.218110
22f81dbd-ebdb-4999-b496-9bb51b50bdee,343,8d68bea7-c0bf-4c4a-a0c4-fbd3350a70b1,MARTA BERTIN(T+P),2024/1,2024-10-08 01:45:37.218110
949b781a-a958-44ba-8324-007c72aee5d1,344,8d68bea7-c0bf-4c4a-a0c4-fbd3350a70b1,MARTA BERTIN(T+P),2024/1,2024-10-08 01:45:37.218110
4f2b90d2-ffb8-40d9-8d9a-6b9bbcd87223,345,8d68bea7-c0bf-4c4a-a0c4-fbd3350a70b1,MARTA BERTIN(T+P),2024/1,2024-10-08 01:45:37.218110
b00ffa32-e44d-4bfa-a421-f71de59f95ef,331,26ab5fef-9353-4ea4-8edd-83032231bb53,JACKS RICHARD DE PAULO(T+P),2024/1,2024-10-08 01:45:37.218110
3d9868d5-d1c0-449b-8eb7-a26627efb30c,332,26ab5fef-9353-4ea4-8edd-83032231bb53,JACKS RICHARD DE PAULO(T+P),2024/1,2024-10-08 01:45:37.218110
28e2f7ad-2742-4b0e-aeb6-76db20f72330,333,26ab5fef-9353-4ea4-8edd-83032231bb53,JACKS RICHARD DE PAULO(T+P),2024/1,2024-10-08 01:45:37.218110
2f77132a-9014-44ba-ae41-0f2cc73453bd,334,26ab5fef-9353-4ea4-8edd-83032231bb53,JACKS RICHARD DE PAULO(T+P),2024/1,2024-10-08 01:45:37.218110
86814afa-47d1-47ac-8748-4848c88f415f,335,26ab5fef-9353-4ea4-8edd-83032231bb53,JACKS RICHARD DE PAULO(T+P),2024/1,2024-10-08 01:45:37.218110
efb66bbe-1bac-4670-9a7b-54925d97ab0a,331,6488beb8-5ccc-47b7-ad54-a2b0c73b1cbd,EXZOLVILDRES QUEIROZ NETO(T+P),2024/1,2024-10-08 01:45:37.218110
9f1a8f59-9c7d-4868-8be7-93e9a2b27bb0,332,6488beb8-5ccc-47b7-ad54-a2b0c73b1cbd,EXZOLVILDRES QUEIROZ NETO(T+P),2024/1,2024-10-08 01:45:37.218110
8a5bea08-7e35-4134-8e02-64d7295b5c61,333,6488beb8-5ccc-47b7-ad54-a2b0c73b1cbd,EXZOLVILDRES QUEIROZ NETO(T+P),2024/1,2024-10-08 01:45:37.218110
dd9bf2b3-94de-40ec-ba28-dd0654b5bd7e,334,6488beb8-5ccc-47b7-ad54-a2b0c73b1cbd,EXZOLVILDRES QUEIROZ NETO(T+P),2024/1,2024-10-08 01:45:37.218110
6d730559-6365-41e3-a210-cf282bf02b8f,335,6488beb8-5ccc-47b7-ad54-a2b0c73b1cbd,EXZOLVILDRES QUEIROZ NETO(T+P),2024/1,2024-10-08 01:45:37.218110
dad64e81-7aa8-421f-941a-d28362901d6f,331,18ec799a-a107-43ff-873b-771fc4ae1341,EXZOLVILDRES QUEIROZ NETO(T+P),2024/1,2024-10-08 01:45:37.218110
d7f0b8a6-e448-492b-bd5d-f942679bd1fc,332,18ec799a-a107-43ff-873b-771fc4ae1341,EXZOLVILDRES QUEIROZ NETO(T+P),2024/1,2024-10-08 01:45:37.218110
cebf60e7-b9ad-4d3e-a7a0-b83c791ee53c,333,18ec799a-a107-43ff-873b-771fc4ae1341,EXZOLVILDRES QUEIROZ NETO(T+P),2024/1,2024-10-08 01:45:37.218110
f8336a91-bded-45b4-ab6d-1a5d9659c546,334,18ec799a-a107-43ff-873b-771fc4ae1341,EXZOLVILDRES QUEIROZ NETO(T+P),2024/1,2024-10-08 01:45:37.218110
198038d2-4b86-4da4-ba18-7911be74cbb2,335,18ec799a-a107-43ff-873b-771fc4ae1341,EXZOLVILDRES QUEIROZ NETO(T+P),2024/1,2024-10-08 01:45:37.218110
402a15fd-ab10-4ab6-ad2d-a4b54ef4182b,331,e61bc55b-dcbe-4d8c-9617-d42328a2fbd0,MARTA BERTIN(T),2024/1,2024-10-08 01:45:37.218110
ebee1c91-21ca-4da6-8fe7-d707ca20eadd,332,e61bc55b-dcbe-4d8c-9617-d42328a2fbd0,MARTA BERTIN(T),2024/1,2024-10-08 01:45:37.218110
c96199e3-7261-46d8-a24f-63277475cd26,333,e61bc55b-dcbe-4d8c-9617-d42328a2fbd0,MARTA BERTIN(T),2024/1,2024-10-08 01:45:37.218110
43415226-372c-4e66-b5c0-a2009e43bdca,334,e61bc55b-dcbe-4d8c-9617-d42328a2fbd0,MARTA BERTIN(T),2024/1,2024-10-08 01:45:37.218110
45c46201-aa50-4d83-b75d-561b13c8d640,335,e61bc55b-dcbe-4d8c-9617-d42328a2fbd0,MARTA BERTIN(T),2024/1,2024-10-08 01:45:37.218110
21596f04-d234-4ef8-b916-690e5181f177,331,a2e8e157-334f-453e-9da9-faca64e5d7d4,INAJARA DE SALLES VIANA NEVES(T),2024/1,2024-10-08 01:45:37.218110
6f4505c4-1bd8-458c-b1fb-6bfcc9f97a87,332,a2e8e157-334f-453e-9da9-faca64e5d7d4,INAJARA DE SALLES VIANA NEVES(T),2024/1,2024-10-08 01:45:37.218110
c0b804ce-9db0-487b-84dd-f312af76a2bb,333,a2e8e157-334f-453e-9da9-faca64e5d7d4,INAJARA DE SALLES VIANA NEVES(T),2024/1,2024-10-08 01:45:37.218110
dda61d7e-cbec-4f74-a622-c12d087e4f70,334,a2e8e157-334f-453e-9da9-faca64e5d7d4,INAJARA DE SALLES VIANA NEVES(T),2024/1,2024-10-08 01:45:37.218110
0b5c29e1-4a53-4dce-8f6b-18d191279b62,335,a2e8e157-334f-453e-9da9-faca64e5d7d4,INAJARA DE SALLES VIANA NEVES(T),2024/1,2024-10-08 01:45:37.218110
171ce00c-147a-4ea3-9812-4cdaf6d09ddb,331,a1d56ff8-3532-4115-9f14-22a726535ebc,ANDRE FELIPE PINTO DUARTE(T),2024/1,2024-10-08 01:45:37.218110
b3cc9af3-9f52-4dd1-bfe4-61763a9b212d,332,a1d56ff8-3532-4115-9f14-22a726535ebc,ANDRE FELIPE PINTO DUARTE(T),2024/1,2024-10-08 01:45:37.218110
efe4cdb6-44dc-4c9e-90ff-6f4547b358ac,333,a1d56ff8-3532-4115-9f14-22a726535ebc,ANDRE FELIPE PINTO DUARTE(T),2024/1,2024-10-08 01:45:37.218110
8e33efa9-a539-40bc-92a2-38c4d24181ce,334,a1d56ff8-3532-4115-9f14-22a726535ebc,ANDRE FELIPE PINTO DUARTE(T),2024/1,2024-10-08 01:45:37.218110
0be634e7-d59f-4fce-917d-d178f405f9b5,335,a1d56ff8-3532-4115-9f14-22a726535ebc,ANDRE FELIPE PINTO DUARTE(T),2024/1,2024-10-08 01:45:37.218110
19db661e-ba24-468f-984c-ba08dd79dda0,60,cea21912-5e6e-4065-af65-128c1b4d2e58,ANDRE FELIPE PINTO DUARTE(T),2024/1,2024-10-08 01:45:37.218110
7fc293b6-2537-4672-8490-bc6ffbf50792,341,cea21912-5e6e-4065-af65-128c1b4d2e58,ANDRE FELIPE PINTO DUARTE(T),2024/1,2024-10-08 01:45:37.218110
859476cc-94b8-4d4c-b139-5d748035f744,342,cea21912-5e6e-4065-af65-128c1b4d2e58,ANDRE FELIPE PINTO DUARTE(T),2024/1,2024-10-08 01:45:37.218110
531d15c8-5c9b-484a-ad85-2dd529570b95,343,cea21912-5e6e-4065-af65-128c1b4d2e58,ANDRE FELIPE PINTO DUARTE(T),2024/1,2024-10-08 01:45:37.218110
dc72ab91-b6f9-4dff-a3b4-4722204d2547,344,cea21912-5e6e-4065-af65-128c1b4d2e58,ANDRE FELIPE PINTO DUARTE(T),2024/1,2024-10-08 01:45:37.218110
9140050c-1b6d-4be8-9e3a-a96f8df208a0,345,cea21912-5e6e-4065-af65-128c1b4d2e58,ANDRE FELIPE PINTO DUARTE(T),2024/1,2024-10-08 01:45:37.218110
93696bd6-e74d-4435-85e5-c22c9c8c7804,11,b97c2f33-3e5e-4207-a3e4-9a222b92dd2a,SANDRA AUGUSTA DE MELO(T),2024/1,2024-10-08 01:45:37.218110
61bb4a82-d6b0-46a2-8ca8-5b15197b107c,60,b5d527ff-3e47-4744-8295-8da1972a5d02,SANDRA AUGUSTA DE MELO(T),2024/1,2024-10-08 01:45:37.218110
61c67b9b-564f-49e5-8177-4ae78843d0a3,301,b5d527ff-3e47-4744-8295-8da1972a5d02,SANDRA AUGUSTA DE MELO(T),2024/1,2024-10-08 01:45:37.218110
3aa9b688-4274-40a4-ab69-be6005c772f0,303,b5d527ff-3e47-4744-8295-8da1972a5d02,SANDRA AUGUSTA DE MELO(T),2024/1,2024-10-08 01:45:37.218110
e473cf99-d082-4666-92cb-df94a88ac88a,305,b5d527ff-3e47-4744-8295-8da1972a5d02,SANDRA AUGUSTA DE MELO(T),2024/1,2024-10-08 01:45:37.218110
ec2ed650-c42f-4f47-a6fb-268b96f2aac8,311,b5d527ff-3e47-4744-8295-8da1972a5d02,SANDRA AUGUSTA DE MELO(T),2024/1,2024-10-08 01:45:37.218110
1c400d24-02a9-4359-8608-92cd6483f408,314,b5d527ff-3e47-4744-8295-8da1972a5d02,SANDRA AUGUSTA DE MELO(T),2024/1,2024-10-08 01:45:37.218110
2c41d74f-d958-4052-86ff-632fb3ae826c,316,b5d527ff-3e47-4744-8295-8da1972a5d02,SANDRA AUGUSTA DE MELO(T),2024/1,2024-10-08 01:45:37.218110
232b4d4d-ebc8-486a-91d3-d8f004a4f5cb,317,b5d527ff-3e47-4744-8295-8da1972a5d02,SANDRA AUGUSTA DE MELO(T),2024/1,2024-10-08 01:45:37.218110
015d570b-c9a8-4fc2-a4f6-1c930613d26e,322,b5d527ff-3e47-4744-8295-8da1972a5d02,SANDRA AUGUSTA DE MELO(T),2024/1,2024-10-08 01:45:37.218110
0cf840d0-a4b7-4509-8ec4-03504b1e332b,60,3f3685f7-9b2e-44be-9a76-36bd56d5af05,ANTONIO MARCELO JACKSON FERREIRA DA SILVA(T),2024/1,2024-10-08 01:45:37.218110
a24424d8-f690-408c-a451-5b4801548ebf,341,3f3685f7-9b2e-44be-9a76-36bd56d5af05,ANTONIO MARCELO JACKSON FERREIRA DA SILVA(T),2024/1,2024-10-08 01:45:37.218110
519e88ea-1f1e-42f7-9242-4e1a3df5aadf,342,3f3685f7-9b2e-44be-9a76-36bd56d5af05,ANTONIO MARCELO JACKSON FERREIRA DA SILVA(T),2024/1,2024-10-08 01:45:37.218110
ebd40d52-ca27-4ec9-9e5d-d9926aff21bf,343,3f3685f7-9b2e-44be-9a76-36bd56d5af05,ANTONIO MARCELO JACKSON FERREIRA DA SILVA(T),2024/1,2024-10-08 01:45:37.218110
51b196b8-82f1-4b63-bde6-6b9ff6c712e0,344,3f3685f7-9b2e-44be-9a76-36bd56d5af05,ANTONIO MARCELO JACKSON FERREIRA DA SILVA(T),2024/1,2024-10-08 01:45:37.218110
c54a8bad-5c31-4018-88b7-82c5046259ce,345,3f3685f7-9b2e-44be-9a76-36bd56d5af05,ANTONIO MARCELO JACKSON FERREIRA DA SILVA(T),2024/1,2024-10-08 01:45:37.218110
790c1311-dbd5-4085-876d-dc944288d6f1,60,ef124b8d-d2d3-4a1d-81de-94ebc5b58600,MARTA BERTIN(T),2024/1,2024-10-08 01:45:37.218110
a409769d-9f30-4bed-88a9-8dc1d04eefe0,60,53d6b4f3-b273-4efc-9b49-60ab6904436c,HERCULES TOLEDO CORREA(T),2024/1,2024-10-08 01:45:37.218110
5e029ce3-a988-4575-9d07-ecc7cfd3f8da,60,fd1e7ab5-f774-43c4-9fcb-349df0a1be34,GLAUCIA MARIA DOS SANTOS JORGE(T),2024/1,2024-10-08 01:45:37.218110
40d11452-e641-4551-9820-040ea1a15e90,60,b488e1d5-d715-4c8d-9c68-b6f38c00a0f1,HAROLDO LUIZ BERTOLDO(T),2024/1,2024-10-08 01:45:37.218110
114cff00-7945-43a9-a54c-2f0420e09941,51,82c79827-deac-4906-aa5e-7801005ffbfe,ADRIANA MARIA TONINI(T),2024/1,2024-10-08 01:45:37.218110
564d791f-e9da-437f-b2b9-0f4876422b2c,51,7f22c2be-bb36-4cd5-bf61-937083c6357c,JORGE LUIS COSTA(T),2024/1,2024-10-08 01:45:37.218110
85f62b26-1cae-429f-bd55-b6ef3ccc21d3,51,237a3d3c-26ea-4989-8fb9-c98fe36b2c53,GLAUCIA MARIA DOS SANTOS JORGE(T),2024/1,2024-10-08 01:45:37.218110
cd1088a4-cb52-44f8-9cf3-4fc0a535d494,51,fad111fc-6224-497c-8c9d-ba2957bbc25d,CLAUDIA RAQUEL MARTINS CORREA(T),2024/1,2024-10-08 01:45:37.218110
bd542f21-3b39-47bf-829d-7fb2e9b8281d,51,d5092cf7-362f-441a-ba0c-6ffa4869ff29,INAJARA DE SALLES VIANA NEVES(T),2024/1,2024-10-08 01:45:37.218110
ba12c68c-e0ec-42e9-aab4-b41336ec3c34,51,85ca7867-6712-41f4-9956-79cbc32e544d,FLAVIO DOS REIS MOURA(T),2024/1,2024-10-08 01:45:37.218110
3732ab73-9be6-4dee-9fe5-83e0552d69c1,51,f6479fcf-bf4f-4e10-ada9-a8a78743f991,MILTON ROSA(T),2024/1,2024-10-08 01:45:37.218110
27818195-4106-4b36-bbbf-c2e672f014a4,51,65c7e594-50b9-40c9-9602-3f7c61b6dd36,CLAUDIA RAQUEL MARTINS CORREA(T),2024/1,2024-10-08 01:45:37.218110
f8b0de96-d4c9-4cb4-a453-4e1b0ea1bcc2,51,1c56ad55-052b-4d0b-9702-f75e27bac6a6,ADRIANA MARIA TONINI(T),2024/1,2024-10-08 01:45:37.218110
029048e5-c4c1-49b7-9017-9bc2f63f982e,51,86229f86-911c-42c2-8822-05d4bb0eed2a,ADRIANA MARIA TONINI(T),2024/1,2024-10-08 01:45:37.218110
39e66a21-9620-4930-ba43-c9fd3c267624,11,a71a54b5-0ab1-4247-8fd4-a64e59350ffe,MELLIANDRO MENDES GALINARI(T+P),2024/1,2024-10-08 01:45:37.218110
9c33874c-ee1a-4473-a03a-9bf6509b001a,21,967a101c-caa2-4624-841a-8420e14e6ea6,MELLIANDRO MENDES GALINARI(T),2024/1,2024-10-08 01:45:37.218110
5116db3e-0614-430a-88b3-feadbeeb008c,22,967a101c-caa2-4624-841a-8420e14e6ea6,MELLIANDRO MENDES GALINARI(T),2024/1,2024-10-08 01:45:37.218110
86c2b40b-a56e-4c07-b761-ae6a94a8a81a,11,57b6ae78-c67b-4518-a56c-22b0388d2b06,BIANCCA NARDELLI SCHENATZ(T+P) / INAJARA DE SALLES VIANA NEVES(T+P),2024/1,2024-10-08 01:45:37.218110
939991e0-53d5-48f4-a1a8-120ac7522432,60,57b6ae78-c67b-4518-a56c-22b0388d2b06,BIANCCA NARDELLI SCHENATZ(T+P) / INAJARA DE SALLES VIANA NEVES(T+P),2024/1,2024-10-08 01:45:37.218110
fcff3113-d87d-4ca6-8bff-80fdf122eb7d,11,a47e0e86-0dfc-413d-9153-f025fe825cb1,,2024/1,2024-10-08 01:45:37.218110
05d99db8-ec00-410b-8e5d-06f035cdc4b8,60,a47e0e86-0dfc-413d-9153-f025fe825cb1,ANTONIO MARCELO JACKSON FERREIRA DA SILVA(T+P),2024/1,2024-10-08 01:45:37.218110
af9ae627-0b0b-41de-90af-45398dd47ab4,11,20e3a12b-7dd9-4000-81cb-ca6bd7692d8b,,2024/1,2024-10-08 01:45:37.218110
e1f47b58-c4b7-4fb0-b727-81f28077f036,60,20e3a12b-7dd9-4000-81cb-ca6bd7692d8b,ANTONIO MARCELO JACKSON FERREIRA DA SILVA(T+P),2024/1,2024-10-08 01:45:37.218110
