id,created_at
c3d4af73-6cab-41e0-a531-5c8bc5c0afa9,2024-09-09 00:49:27.541339
1bee6bd0-825f-4684-b94d-4c65b276be90,2024-09-09 00:49:27.541420
107798b7-076f-45f1-b330-e133bb8b4a71,2024-09-09 00:49:27.541431
c8fc8c85-b5b3-4bb1-80c4-9a3794207e9c,2024-09-09 00:49:27.541436
5bd3419b-95a9-404f-9a61-237992464a44,2024-09-09 00:49:27.541442
57cb18d4-641e-477d-b4e6-5ce63c65b4df,2024-09-09 00:49:27.541449
4adf3889-bae0-42aa-b6a5-8f8a4d571025,2024-09-09 00:49:27.541513
e338070e-d5d3-4236-9aec-3c762609cd9f,2024-09-09 00:49:27.541521
072bf844-3de2-4dcb-8b0f-7d3d6728e933,2024-09-09 00:49:27.541528
d8c44821-d775-47bc-81c7-1ae94a2c3054,2024-09-09 00:49:27.541542
db342d23-3cdc-415b-9133-cf227a4fd0a9,2024-09-09 00:49:27.541550
c4a16534-b2f2-478e-a407-3c06207980f7,2024-09-09 00:49:27.541556
26cff5d2-8e85-44bf-b4bb-c0d378202527,2024-09-09 00:49:27.541562
e3f9d8f5-e210-48cd-be8b-edec33b23a18,2024-09-09 00:49:27.541570
45e166a8-0b20-4450-8ea1-070d30c1fe50,2024-09-09 00:49:27.541578
0078e388-53f3-429c-b4ed-d6ccf5029dd8,2024-09-09 00:49:27.541585
e3c8d2e2-0f0b-4e7f-821d-48171b6b86dc,2024-09-09 00:49:27.541592
980695e9-b3c1-4f3f-848d-5d59bc22b4a2,2024-09-09 00:49:27.541599
27098239-2e67-498f-b627-1210438d5c4b,2024-09-09 00:49:27.541608
17a5639f-5547-4d96-916a-372cb5e73fd9,2024-09-09 00:49:27.541622
a14cc5c5-2e4d-479e-8f1f-421e795c77c3,2024-09-09 00:49:27.541635
63e83ced-2aad-44da-bb37-b3df5ec02220,2024-09-09 00:49:27.541646
9cb22640-0e08-4ce1-b07a-b26a614d5655,2024-09-09 00:49:27.541658
2f5ed3a3-2468-4d68-b0c1-03afffc14c0a,2024-09-09 00:49:27.541670
1bb419cb-7fc6-4973-bb14-765b9c271c79,2024-09-09 01:06:18.720524
