id,discipline_course_id,prerequisite_discipline_id,created_at
57cbb04d-f10a-4b37-9780-641af31e0a68,4d129bb8-2401-4c16-852b-c116a22ce89e,0be59bf4-7b69-4cd8-985f-0e0c559244d6,2023-08-10 01:15:55.386265
ff279ef5-60b7-48c6-8712-8ba03afb801f,4d129bb8-2401-4c16-852b-c116a22ce89e,f2f1de6c-5697-4c7f-b5b6-70a288bb9752,2023-08-10 01:15:55.386265
44e4bb49-8cee-457f-bcbf-f127703a8818,8f4074ae-2c7d-43be-a7a9-32d8063710a3,f2f1de6c-5697-4c7f-b5b6-70a288bb9752,2023-08-10 01:15:55.386265
cc722777-555b-4ad2-ae19-cdf3d25b19f1,29578d99-db3d-4386-97d1-1b8142c2cd72,0be59bf4-7b69-4cd8-985f-0e0c559244d6,2023-08-10 01:15:55.386265
c7d82bbf-62c8-46b7-88c7-26e734b48581,29578d99-db3d-4386-97d1-1b8142c2cd72,f2f1de6c-5697-4c7f-b5b6-70a288bb9752,2023-08-10 01:15:55.386265
b5fbbd2a-f318-4407-823a-2b5b9210532e,23e129b7-d57a-4265-bc25-a5ee53d3bbb7,ffc88920-2ca3-470c-b949-9f48ca0697bd,2023-08-10 01:15:55.386265
6a1befa7-3a81-4a04-9a47-0db840381451,b52007e5-7ec7-418d-9876-3d08a358965c,3002c96f-dd41-41e5-89f7-ab0edeb4fe96,2023-08-10 01:15:55.386265
40ea0fe6-1f5f-4d0d-8a6c-652868776656,a3341a51-16c4-492e-baec-81adf25d12af,3002c96f-dd41-41e5-89f7-ab0edeb4fe96,2023-08-10 01:15:55.386265
0fd8a9e4-c301-4f0b-85cb-d01a5500a6cb,ab96d3b3-945a-499c-97ed-b84cf0f4a980,89715bac-a877-4c17-8ff3-b996ef4a40f6,2023-08-10 01:15:55.386265
3f92b999-13ab-49d0-afd4-f64bf555d071,ab96d3b3-945a-499c-97ed-b84cf0f4a980,5da3f81f-d74b-47b6-a171-9d64b39570b9,2023-08-10 01:15:55.386265
7e9cfd03-cb02-4abf-9e3f-892de7c8ab01,ab96d3b3-945a-499c-97ed-b84cf0f4a980,3002c96f-dd41-41e5-89f7-ab0edeb4fe96,2023-08-10 01:15:55.386265
500a6999-62f0-426a-bc9e-1be9e7470881,ab96d3b3-945a-499c-97ed-b84cf0f4a980,01800025-3d51-4808-a205-6c663aebb096,2023-08-10 01:15:55.386265
1c504eb8-136b-4fcb-9eb5-7b161ff95336,9a07474c-2007-42f8-b36e-45037480e686,ffc88920-2ca3-470c-b949-9f48ca0697bd,2023-08-10 01:15:55.386265
51721f9f-e48b-47ae-ad1f-0c122e36357c,aeefae3a-c4df-42af-bcc4-9cac7e2cc9a8,ffc88920-2ca3-470c-b949-9f48ca0697bd,2023-08-10 01:15:55.386265
f9d03a7f-cb32-4b3b-a76f-8e669b2e2895,8e368565-531f-42ef-bb9a-8a4af36e318b,89715bac-a877-4c17-8ff3-b996ef4a40f6,2023-08-10 01:15:55.386265
22acbadc-0159-4017-bea5-4e1516f4de19,8e368565-531f-42ef-bb9a-8a4af36e318b,5da3f81f-d74b-47b6-a171-9d64b39570b9,2023-08-10 01:15:55.386265
d0923d37-09fa-429e-b70a-49c02731b81b,8e368565-531f-42ef-bb9a-8a4af36e318b,3002c96f-dd41-41e5-89f7-ab0edeb4fe96,2023-08-10 01:15:55.386265
d28cdafe-81c1-4df3-b253-a186af73bc58,8e368565-531f-42ef-bb9a-8a4af36e318b,409cbf47-617d-4c9e-8e1e-946c1d9d0009,2023-08-10 01:15:55.386265
6a1f686d-f7ac-42b2-aed6-142068d90f4e,8e368565-531f-42ef-bb9a-8a4af36e318b,01800025-3d51-4808-a205-6c663aebb096,2023-08-10 01:15:55.386265
e98f1c33-63de-44dd-a3c5-fd54bc508126,8f15eea2-5d0f-411c-b970-2282fc99576b,86b1bdb5-57aa-4d00-8249-2fe6a3ec4099,2023-08-10 01:15:55.386265
54e6494b-3631-4f4c-bf62-690c6ff48bf8,8f15eea2-5d0f-411c-b970-2282fc99576b,6453aa68-44c1-4e49-be79-1b7d94e7f661,2023-08-10 01:15:55.386265
362078a1-3248-414f-b371-5a5a8d94fc5f,090cb1bd-dbd9-43ee-9d3c-ce6cb832a570,86b1bdb5-57aa-4d00-8249-2fe6a3ec4099,2023-08-10 01:15:55.386265
fac858e7-3e67-4b8e-9893-15fec8ad9ced,768bb292-4305-46ad-aad5-f4725c1cd53e,e6f1f1e9-3eb1-4a79-b70c-478d0bdfcf43,2023-08-10 01:15:55.386265
51dbb6af-46a4-48e2-a8fa-b3d36d2ca2d7,768bb292-4305-46ad-aad5-f4725c1cd53e,165ced84-7377-4e72-a8ea-3877e62cdac8,2023-08-10 01:15:55.386265
1f6fcf37-235c-44f5-b980-66c56f859140,944cd3b8-d9e8-41cb-9eb5-53f371eb66cb,b96cc1c2-062d-4c66-a937-5f8cdf89a12c,2023-08-10 01:15:55.386265
c9f475c6-b879-4708-befb-a26d30eb0fa1,944cd3b8-d9e8-41cb-9eb5-53f371eb66cb,165ced84-7377-4e72-a8ea-3877e62cdac8,2023-08-10 01:15:55.386265
be389035-27b7-4d9b-9631-a8071e782ced,80c02384-e623-4ecc-ab45-97ae08a702e3,a6279bb7-8d35-4d24-89b8-5c72b48502cb,2023-08-10 01:15:55.386265
e4972d05-b9d2-4a51-8d75-0852259f9dcf,80c02384-e623-4ecc-ab45-97ae08a702e3,86b1bdb5-57aa-4d00-8249-2fe6a3ec4099,2023-08-10 01:15:55.386265
9003772e-b73c-41e6-b607-ec1c800bcdc9,80c02384-e623-4ecc-ab45-97ae08a702e3,6453aa68-44c1-4e49-be79-1b7d94e7f661,2023-08-10 01:15:55.386265
18857650-4dfb-43de-9542-7aab60e1c4f2,80c02384-e623-4ecc-ab45-97ae08a702e3,dec8c8a6-c15c-4238-9a11-a46816317076,2023-08-10 01:15:55.386265
8d58e182-1cac-4c60-8b4e-3778a0986227,8c58c1d6-cf17-4724-8a45-23447a6fe61b,a6279bb7-8d35-4d24-89b8-5c72b48502cb,2023-08-10 01:15:55.386265
50550281-d812-4799-96a8-a1e653546bf0,8c58c1d6-cf17-4724-8a45-23447a6fe61b,dec8c8a6-c15c-4238-9a11-a46816317076,2023-08-10 01:15:55.386265
fd244a92-df3b-4272-8e67-b652ae8ae160,8c58c1d6-cf17-4724-8a45-23447a6fe61b,46b7af9f-f7e1-4944-a872-a94643fe89eb,2023-08-10 01:15:55.386265
fe912de1-4e7c-4880-add9-85776010a043,1c042d35-3d68-4874-96eb-f1318cbc088f,86b1bdb5-57aa-4d00-8249-2fe6a3ec4099,2023-08-10 01:15:55.386265
a61d186f-dfcf-4641-aaac-de4518189e7e,1c042d35-3d68-4874-96eb-f1318cbc088f,ffc88920-2ca3-470c-b949-9f48ca0697bd,2023-08-10 01:15:55.386265
f462b261-5032-40da-8bc9-48985cfe5bf7,ba538987-8a3e-4a9f-8d2a-d0659fc6832b,276b7f28-2422-4a40-9de4-59bfb66428f6,2023-08-10 01:15:55.386265
e36e705a-cb7e-4766-bd06-3506ec143b39,ba538987-8a3e-4a9f-8d2a-d0659fc6832b,ffc88920-2ca3-470c-b949-9f48ca0697bd,2023-08-10 01:15:55.386265
15bd2279-42d6-441c-b137-467e2b36fcf2,779ccde6-1655-482a-be0d-c7b557d7083b,e6f1f1e9-3eb1-4a79-b70c-478d0bdfcf43,2023-08-10 01:15:55.386265
cb8467d1-ee8b-4bfc-9675-70ffad3027e9,779ccde6-1655-482a-be0d-c7b557d7083b,165ced84-7377-4e72-a8ea-3877e62cdac8,2023-08-10 01:15:55.386265
c1e6f441-05b9-4186-b252-b09357f78b27,394c065a-e85d-4a40-a387-8dd79492fa2b,46b7af9f-f7e1-4944-a872-a94643fe89eb,2023-08-10 01:15:55.386265
f98f74f3-70ac-4ded-a1e9-f4488b8b1735,dbc07f1f-ad33-41d1-8124-6cd22187a0ae,c9c0e5d8-8083-46e0-b208-abd930af5111,2023-08-10 01:15:55.386265
fd6ac6e3-1a20-4f1e-be01-3810db5a4168,54985938-5515-4230-835a-6f9755e13e1a,165ced84-7377-4e72-a8ea-3877e62cdac8,2023-08-10 01:15:55.386265
37fd565c-3609-41a7-9ba0-858e2f3c80b3,0c921bc0-2c33-4665-bcab-8fa436546485,25b52bce-e921-459b-87f8-418140ea597b,2023-08-10 01:15:55.386265
c4b24440-9244-46b2-acba-9f2298e88da7,e183e52f-2cba-4d08-8d47-812e29748818,8ec9de5b-997d-4ac2-8805-d3cc96a91042,2023-08-10 01:15:55.386265
45734b0c-9af9-48d3-96e7-303bbbca48ad,4dfa0698-9634-47f3-be1f-ac8aeb48eec5,febabf6a-937b-47d3-b5c9-0fe09911dc9d,2023-08-10 01:15:55.386265
8b2c47ad-fe98-4a7c-95b6-5c260c0b471c,4dfa0698-9634-47f3-be1f-ac8aeb48eec5,46b7af9f-f7e1-4944-a872-a94643fe89eb,2023-08-10 01:15:55.386265
2aded3b4-c71d-41ba-8718-979cf5f3705c,4dfa0698-9634-47f3-be1f-ac8aeb48eec5,8edcbe62-9937-4f14-bc8a-611d764bb829,2023-08-10 01:15:55.386265
e4af474b-fc4d-45e2-a5ef-6cb6e4b6149f,7b9885e8-fe11-4da0-95bd-c3b219207430,25b52bce-e921-459b-87f8-418140ea597b,2023-08-10 01:15:55.386265
35cdc47d-4a5a-4559-95ec-f837c11fd55e,0459b60f-91a6-4669-a176-a847ccf04a4b,25b52bce-e921-459b-87f8-418140ea597b,2023-08-10 01:15:55.386265
239cf203-715b-4434-bf14-3de15bbdf582,0459b60f-91a6-4669-a176-a847ccf04a4b,165ced84-7377-4e72-a8ea-3877e62cdac8,2023-08-10 01:15:55.386265
48db8842-416d-4e89-9162-eb6ba0abc1b6,aaf4a27c-199b-41fa-a850-1ddc016f5fb2,8ec9de5b-997d-4ac2-8805-d3cc96a91042,2023-08-10 01:15:55.386265
e0ec2fa5-fb34-430f-be7f-7969ede5cf49,81888f3c-e59f-4375-bcb9-890898594c48,165ced84-7377-4e72-a8ea-3877e62cdac8,2023-08-10 01:15:55.386265
525cda76-228f-48a7-8eb4-26b9f1f2de9e,177c6c94-c96c-4a1d-822b-974654947406,d8088915-878e-4357-98a5-ab15438a2101,2023-08-10 01:15:55.386265
32a0aea1-3d67-4771-a7b8-80dfd449b945,31000c6c-7ffc-44f6-b2cd-35dd070c3dca,fc932e4e-aa7e-45b8-bd2a-4fae71acd1b2,2023-08-10 01:15:55.386265
2d270cfe-02bd-4fb3-b8f0-645ef0b2ff9e,cfbd1c97-4e7a-4a62-b579-3089d12100c4,8ec9de5b-997d-4ac2-8805-d3cc96a91042,2023-08-10 01:15:55.386265
0d14fb5c-40da-45f0-94c3-71675e9ec831,1813b7ab-e2ec-4120-b557-52c17d6a9157,165ced84-7377-4e72-a8ea-3877e62cdac8,2023-08-10 01:15:55.386265
3093e004-4c30-4e96-a7d0-2af2b91c99de,ddb03e3b-5c45-4b03-991f-6cf020294d2e,c61a25fb-0a14-403e-984e-13be8054b39f,2023-08-10 01:15:55.386265
cf6030a7-851a-4e96-9bda-030acc7949f3,27d25478-21bf-4e6b-b9c2-f0994a2106f0,d8088915-878e-4357-98a5-ab15438a2101,2023-08-10 01:15:55.386265
50d2e799-6968-4fd8-983d-68b1990b4e96,0c7bfb7e-acaa-4c07-9599-cde37178fd6e,c61a25fb-0a14-403e-984e-13be8054b39f,2023-08-10 01:15:55.386265
67f090ae-d21c-43cc-a601-fc0fd3a56b76,dcbfbf11-b7f7-486e-95a1-ac591643ebc2,89715bac-a877-4c17-8ff3-b996ef4a40f6,2023-08-10 01:15:55.386265
8c59f9c0-c12e-4aef-be7f-25c2bebeade6,dcbfbf11-b7f7-486e-95a1-ac591643ebc2,5da3f81f-d74b-47b6-a171-9d64b39570b9,2023-08-10 01:15:55.386265
8c6df3f0-2a40-425e-8da6-b72722faeb91,dcbfbf11-b7f7-486e-95a1-ac591643ebc2,6453aa68-44c1-4e49-be79-1b7d94e7f661,2023-08-10 01:15:55.386265
69a6ef5b-9f8b-49ac-911b-5465783ccbb4,dcbfbf11-b7f7-486e-95a1-ac591643ebc2,dec8c8a6-c15c-4238-9a11-a46816317076,2023-08-10 01:15:55.386265
f71b92ab-01c1-4fb3-bbd8-8deb678e28b5,e6b23ff9-f33d-4f9a-bbff-f6010c1490a3,54bacc08-f909-4dba-9fe0-3d14efdf76e1,2023-08-10 01:15:55.386265
5c14fddb-019a-4e0f-a2cc-8040c1dc082a,0bb79bc5-e9f8-4a64-b40a-751735dce726,a2735504-fcee-4042-876b-a2dadda09456,2023-08-10 01:15:55.386265
e170369d-afff-4299-bcc7-3c2e5992cea0,03cdf7a5-be9a-4d5f-b198-193fa0ae94bb,a6279bb7-8d35-4d24-89b8-5c72b48502cb,2023-08-10 01:15:55.386265
b9df5575-81c7-43f4-9ebe-df984d791322,03cdf7a5-be9a-4d5f-b198-193fa0ae94bb,86b1bdb5-57aa-4d00-8249-2fe6a3ec4099,2023-08-10 01:15:55.386265
e92875ba-be79-4ca9-8113-faf9ef466f82,04a302f6-2d5e-40d5-9e0b-6c251242f9b6,034051b4-6c1d-4048-9b59-e5897878e6ac,2023-08-10 01:15:55.386265
9daf1281-aaea-4acb-b82a-5d13b55828fc,c2dcefbc-3260-44f9-86f8-4dd680dbb26a,46b7af9f-f7e1-4944-a872-a94643fe89eb,2023-08-10 01:15:55.386265
aad0ff3a-37d1-4c0c-ae3d-2821ba5353fc,bf0780b3-62f6-4b02-8f9a-93a1e30a0299,c9c0e5d8-8083-46e0-b208-abd930af5111,2023-08-10 01:15:55.386265
965fed19-a687-48c6-8cf6-b34063ac31a2,5715fb8f-6c99-4278-affc-0a3bf0283fc3,bd615dea-3358-4ad1-a1fc-6f10de0fe144,2023-08-10 01:15:55.386265
167ee0b5-0756-43b2-8e45-c8c02178ac7d,5715fb8f-6c99-4278-affc-0a3bf0283fc3,07887d1e-7c60-49d8-b6b3-7f48820b2f09,2023-08-10 01:15:55.386265
ffb866a1-5204-432c-8321-44543643cec5,60367b27-a00f-4e9a-8a4d-01486a5261dd,07887d1e-7c60-49d8-b6b3-7f48820b2f09,2023-08-10 01:15:55.386265
1c5d8cf7-01d6-4f19-a5d0-7856fb75466e,60367b27-a00f-4e9a-8a4d-01486a5261dd,cba82c2b-defd-4a74-8939-f78c60244f2e,2023-08-10 01:15:55.386265
58333939-b1ba-4a97-842e-08e5e7b0b3c9,14516ede-f8ad-4b8d-890c-fbbc14d5d812,c9c0e5d8-8083-46e0-b208-abd930af5111,2023-08-10 01:15:55.386265
a1d11c18-044f-406f-9273-a1427e65153f,c6e7f0de-4466-4cdf-a7e3-c6d3a3a605b0,c9c0e5d8-8083-46e0-b208-abd930af5111,2023-08-10 01:15:55.386265
5f3dbbed-12ae-4080-ba74-3d2a26aed39e,0b3ff249-7beb-4668-9edb-d682824fb66b,ffc88920-2ca3-470c-b949-9f48ca0697bd,2023-08-10 01:15:55.386265
08f5865a-8d08-4573-a84e-39074926bd5b,0b3ff249-7beb-4668-9edb-d682824fb66b,165ced84-7377-4e72-a8ea-3877e62cdac8,2023-08-10 01:15:55.386265
9d06e4e6-6e44-4421-bd95-2b275026e815,26a6d81d-cded-4fb6-b0ef-fb379b714d3d,04fd11c2-713d-4b03-9f33-1bf8fd21be12,2023-08-10 01:15:55.386265
27e3c67e-a872-4ff7-9d9a-787907e4c4a3,e72bc51b-846a-492e-af05-40d8f6f847df,c9c0e5d8-8083-46e0-b208-abd930af5111,2023-08-10 01:15:55.386265
1190f295-010b-4f5a-9715-b2735b0e2f26,0a7952fb-1b8b-4a8f-b235-9da4a3d532a1,0be59bf4-7b69-4cd8-985f-0e0c559244d6,2023-08-10 01:16:00.529570
a8b224b6-9a42-43d8-884c-989cf836e9e5,0a7952fb-1b8b-4a8f-b235-9da4a3d532a1,f2f1de6c-5697-4c7f-b5b6-70a288bb9752,2023-08-10 01:16:00.529570
539bddf9-ddaa-4eeb-9f01-7009b33c16aa,85551cf8-b4a9-44b7-9609-4ca85d35fa54,0be59bf4-7b69-4cd8-985f-0e0c559244d6,2023-08-10 01:16:00.529570
6b8c4073-d57d-43fb-ac39-44ebf3f5612f,85551cf8-b4a9-44b7-9609-4ca85d35fa54,f2f1de6c-5697-4c7f-b5b6-70a288bb9752,2023-08-10 01:16:00.529570
72bfa036-e0c3-4e05-b3b9-759b3f3832c8,81eaaa91-f2b4-4153-86b7-2ec32de147fd,f2f1de6c-5697-4c7f-b5b6-70a288bb9752,2023-08-10 01:16:00.529570
94049304-22cf-4c0f-97aa-0f1db834e135,81eaaa91-f2b4-4153-86b7-2ec32de147fd,3002c96f-dd41-41e5-89f7-ab0edeb4fe96,2023-08-10 01:16:00.529570
79fb0479-0b44-4d24-b966-406d155dcd5d,6e83400f-9de9-420e-9d44-eed78ff23c4f,f2f1de6c-5697-4c7f-b5b6-70a288bb9752,2023-08-10 01:16:00.529570
7f4a5736-e324-493c-b7fe-e90353a6f0e7,6e83400f-9de9-420e-9d44-eed78ff23c4f,3002c96f-dd41-41e5-89f7-ab0edeb4fe96,2023-08-10 01:16:00.529570
1cd029ab-e70a-42b0-a232-bc100c5ee141,82c70b0f-71f5-4f22-8d93-9415ec78c639,3002c96f-dd41-41e5-89f7-ab0edeb4fe96,2023-08-10 01:16:00.529570
a5a0d12b-cd51-40b6-9620-25bf3405dab3,7d5a417d-fec0-4301-ae5d-47c8625c5469,89715bac-a877-4c17-8ff3-b996ef4a40f6,2023-08-10 01:16:00.529570
fd78eeeb-af4a-4196-a790-7bddd4a03471,7d5a417d-fec0-4301-ae5d-47c8625c5469,5da3f81f-d74b-47b6-a171-9d64b39570b9,2023-08-10 01:16:00.529570
cea583ca-4cda-44d9-b158-0e8867fcfdd1,7d5a417d-fec0-4301-ae5d-47c8625c5469,3002c96f-dd41-41e5-89f7-ab0edeb4fe96,2023-08-10 01:16:00.529570
6aef503b-5d72-4544-99e7-6b976d7dc576,7d5a417d-fec0-4301-ae5d-47c8625c5469,01800025-3d51-4808-a205-6c663aebb096,2023-08-10 01:16:00.529570
30b2854b-1ef3-4043-9733-80bc31e1e1c0,2c1b842a-a06c-4d94-9c68-9e2ba29a1aa5,88690a49-41ed-433c-93fb-81ff7d4c0a7d,2023-08-10 01:16:00.529570
48f105f3-721d-4194-b11d-58e40175bdfd,56e7612a-16ad-4d82-9aad-e96247513b07,3002c96f-dd41-41e5-89f7-ab0edeb4fe96,2023-08-10 01:16:00.529570
4027d1c4-155d-4d6e-923a-e5e2df2922e0,56e7612a-16ad-4d82-9aad-e96247513b07,86b1bdb5-57aa-4d00-8249-2fe6a3ec4099,2023-08-10 01:16:00.529570
aa784bee-63cf-425d-9e79-ce7fb466ffbf,56e7612a-16ad-4d82-9aad-e96247513b07,6453aa68-44c1-4e49-be79-1b7d94e7f661,2023-08-10 01:16:00.529570
fec3494e-0445-4d7b-b730-eaaf64018c64,56e7612a-16ad-4d82-9aad-e96247513b07,a62b5361-ee6d-464a-8fff-82f002269ae0,2023-08-10 01:16:00.529570
bdb49bdd-f7b2-49bd-b4a5-29b7e80e836e,35d7b15b-7993-4daa-94a0-9404d930845d,89715bac-a877-4c17-8ff3-b996ef4a40f6,2023-08-10 01:16:00.529570
c2bbbf34-4e06-46c8-860e-db58f0fa98bb,35d7b15b-7993-4daa-94a0-9404d930845d,5da3f81f-d74b-47b6-a171-9d64b39570b9,2023-08-10 01:16:00.529570
6398c120-aa10-4ab0-a890-bec0e6e54a54,35d7b15b-7993-4daa-94a0-9404d930845d,a6279bb7-8d35-4d24-89b8-5c72b48502cb,2023-08-10 01:16:00.529570
99297e46-cf05-42c7-8bac-732294e17864,35d7b15b-7993-4daa-94a0-9404d930845d,88690a49-41ed-433c-93fb-81ff7d4c0a7d,2023-08-10 01:16:00.529570
52f7a1ca-0328-4837-8f22-94249c39dd03,9616edcd-da49-4790-a78f-bfbe886820d1,89715bac-a877-4c17-8ff3-b996ef4a40f6,2023-08-10 01:16:00.529570
171ccbe6-0124-4637-a958-fb7f5e945c67,9616edcd-da49-4790-a78f-bfbe886820d1,5da3f81f-d74b-47b6-a171-9d64b39570b9,2023-08-10 01:16:00.529570
601c81e3-a57b-458e-a3c6-29fd4042fe2e,9616edcd-da49-4790-a78f-bfbe886820d1,6453aa68-44c1-4e49-be79-1b7d94e7f661,2023-08-10 01:16:00.529570
033dff66-7489-4ee9-898b-cf11314ea9f1,c0f3509d-9082-4bd8-90ec-db9311dce882,0be59bf4-7b69-4cd8-985f-0e0c559244d6,2023-08-10 01:16:00.529570
1529622c-c5d3-4786-a9ac-c8ff85fa67cc,c0f3509d-9082-4bd8-90ec-db9311dce882,a62b5361-ee6d-464a-8fff-82f002269ae0,2023-08-10 01:16:00.529570
3e99eef4-381d-45c7-93e0-5b8b382ff807,9ed81af2-0726-43be-ae72-76e4ff22ad84,88690a49-41ed-433c-93fb-81ff7d4c0a7d,2023-08-10 01:16:00.529570
4a7ada5f-b6bb-48fb-8417-2291345b7191,9ed81af2-0726-43be-ae72-76e4ff22ad84,45c45b92-3584-4518-a03f-7898c2edb5f6,2023-08-10 01:16:00.529570
b7230c20-7ff5-4e9e-89a3-11b45b7a631c,7a37e487-13a3-4326-bb01-44ae889dc8f5,a6279bb7-8d35-4d24-89b8-5c72b48502cb,2023-08-10 01:16:00.529570
a589fb01-dd7e-4273-a609-10e74aeac0fa,7a37e487-13a3-4326-bb01-44ae889dc8f5,45c45b92-3584-4518-a03f-7898c2edb5f6,2023-08-10 01:16:00.529570
232b19c1-b0d1-4fa7-80b2-9b00612bc340,393428c4-e854-4659-9020-1c01006ea003,45c45b92-3584-4518-a03f-7898c2edb5f6,2023-08-10 01:16:00.529570
4dd273c6-5066-404d-831e-3cd46d34acc5,b03fbe95-69b5-4517-8d95-79e2bb5ea26e,88690a49-41ed-433c-93fb-81ff7d4c0a7d,2023-08-10 01:16:00.529570
f15762e1-19b9-45ef-80f0-e9cd4ecf158c,b03fbe95-69b5-4517-8d95-79e2bb5ea26e,45c45b92-3584-4518-a03f-7898c2edb5f6,2023-08-10 01:16:00.529570
49380114-a867-48f9-9bf0-6ae34326f942,b03fbe95-69b5-4517-8d95-79e2bb5ea26e,ab123584-5afc-4924-a8bb-055e9f00a1a9,2023-08-10 01:16:00.529570
0ea599da-ba0f-4805-907b-1a0b3e28fe81,13adf271-0fb6-4908-9cc6-16157b96060c,b2cf9585-617d-4d9a-b44c-28527fff5400,2023-08-10 01:16:00.529570
e871258d-d458-4051-ac58-132512319917,c06b7b53-a8ca-41d6-bec9-cd750379b5eb,ab123584-5afc-4924-a8bb-055e9f00a1a9,2023-08-10 01:16:00.529570
a54b578d-d989-4c32-9112-93abad03838b,b0a720cd-e948-41b1-88e8-ae4925f3a323,56f0ea7e-fc44-440c-8086-0cf09e53a8cd,2023-08-10 01:16:00.529570
fe93af85-8347-4fd0-8108-bcd1823f02fe,c2379c6c-70d9-4d93-9626-86f1eddbec1d,dec8c8a6-c15c-4238-9a11-a46816317076,2023-08-10 01:16:00.529570
a47c4e8e-9ca5-46c3-994a-2be5118a0375,a54c3f3f-3147-4d52-91f1-8546396cbe20,a6279bb7-8d35-4d24-89b8-5c72b48502cb,2023-08-10 01:16:00.529570
cc0e88c6-7ff6-43df-91ce-ea9f07ca8735,a54c3f3f-3147-4d52-91f1-8546396cbe20,6453aa68-44c1-4e49-be79-1b7d94e7f661,2023-08-10 01:16:00.529570
585fc958-d2fe-4fa7-87ea-49c34af6c181,a4af8987-90de-4f5d-addb-618aba746e3f,dec8c8a6-c15c-4238-9a11-a46816317076,2023-08-10 01:16:00.529570
7f4e1cbd-5897-48f7-8bac-26f5803bcc66,b5a8243c-fed3-47d5-9448-bd39115063aa,a6279bb7-8d35-4d24-89b8-5c72b48502cb,2023-08-10 01:16:00.529570
a1a63121-8c00-49ca-ac33-93023198aff3,b5a8243c-fed3-47d5-9448-bd39115063aa,88690a49-41ed-433c-93fb-81ff7d4c0a7d,2023-08-10 01:16:00.529570
2af906cc-6991-4dd8-8ffd-a660d560e5dc,b5a8243c-fed3-47d5-9448-bd39115063aa,45c45b92-3584-4518-a03f-7898c2edb5f6,2023-08-10 01:16:00.529570
9a0d9ea9-fcfa-4e42-ad24-04b09192a7c6,371d5afc-ccce-49df-bb8b-62f1f611af4b,a62b5361-ee6d-464a-8fff-82f002269ae0,2023-08-10 01:16:00.529570
719409e8-6cd5-4395-ab49-e6aa67f3d931,f0d84756-2c5a-4ae4-ad02-b68c21812574,a62b5361-ee6d-464a-8fff-82f002269ae0,2023-08-10 01:16:00.529570
b666986a-15fc-48fe-b56f-3919f5a02782,5b1f63d2-0a98-41d9-b547-bab472d55996,a70cedc6-25d6-4b83-a8be-09ba1d3012ba,2023-08-10 01:16:00.529570
c6ecbf00-7399-459f-a128-345fb534e762,2524fce0-b18c-4e26-af2c-f92b32de046e,5b9b8eda-8b50-4771-9558-276255c9aeea,2023-08-10 01:16:00.529570
a5d3b087-018e-46ab-99e9-c7a9e24c5880,72d2a69b-68ef-47b0-aef4-40b835c30272,929d72fa-343e-4a86-bfd4-fb1723be1a38,2023-08-10 01:16:00.529570
ada09608-2d2e-42cc-9f60-2ddd44595113,fff7bccf-4d69-45ac-8566-992b2a2ae84a,a70cedc6-25d6-4b83-a8be-09ba1d3012ba,2023-08-10 01:16:00.529570
01a38f51-bbbc-42e5-884c-1fe253ec4a4a,6840d15a-a70d-475d-b8d9-9ec843d0552e,8ec9de5b-997d-4ac2-8805-d3cc96a91042,2023-08-10 01:16:00.529570
f65df15b-ecb6-499c-b2ed-c56aedcd062f,6efec0ef-0ffe-47fd-b4f5-38de31725259,8931c70a-0607-4aea-9bde-bd30aba12329,2023-08-10 01:16:00.529570
ce8882e9-f05b-4831-a705-2044fd637050,6efec0ef-0ffe-47fd-b4f5-38de31725259,9794bcc5-315a-4b83-85a9-a3210b3a0682,2023-08-10 01:16:00.529570
608fddcb-997a-419a-ac85-d9a314dabd8b,42e1baa0-af32-4351-b504-ca11863ca615,8ec9de5b-997d-4ac2-8805-d3cc96a91042,2023-08-10 01:16:00.529570
4a026bf0-b680-4027-b0ce-f74944a840bf,1fb58593-adb1-4f22-b533-a13e2ddc0b0d,b31ca599-dd82-43a0-8795-711fad8551fa,2023-08-10 01:16:00.529570
32cb4778-acf7-48a2-8f9c-b2e576261a11,1fb58593-adb1-4f22-b533-a13e2ddc0b0d,cb304685-159a-42db-beca-b09e68d09fe0,2023-08-10 01:16:00.529570
da3e05f1-bfd5-4b89-b65b-9c1556997dc7,522fb225-3747-46a1-ac7c-430e41fa95b2,b31ca599-dd82-43a0-8795-711fad8551fa,2023-08-10 01:16:00.529570
a8ba2c9d-1cbd-472c-878a-494583e236e3,8a54741a-2714-4857-8969-ea42603f90a7,9ce2f110-a063-4be7-8380-bf87d94069ee,2023-08-10 01:16:00.529570
4ff786fd-5890-4161-bfff-a2a162480909,118fa3cc-5277-4230-b382-5b21b20cb4f7,b2cf9585-617d-4d9a-b44c-28527fff5400,2023-08-10 01:16:00.529570
133bc5a0-a91a-4eb2-b674-7c1406136385,993ade1a-e30b-46b5-92a1-726478aa3ca2,354a9680-b280-436e-beef-92e02615bb27,2023-08-10 01:16:04.952158
5fb3a441-5bb9-40f6-bdfe-8fe023afbe3e,24d31182-8e13-4eb9-9662-4dd41fe78e7f,354a9680-b280-436e-beef-92e02615bb27,2023-08-10 01:16:04.952158
fe8b3332-0b63-400b-a181-0072aed9c803,f9e1bd87-4540-4a04-8ee3-94b8be4818b7,618d2a1d-f701-4de3-8a74-43fc5bda4486,2023-08-10 01:16:04.952158
305a11a8-1314-436e-ad48-ff1ade10942a,7bf2fbd0-bdce-412e-a85f-7b7c6d9c7f8c,b7097956-2239-4c4e-ab18-d3588dd26929,2023-08-10 01:16:04.952158
21aebc63-49e2-4f89-ab3b-c2fcabc35f2c,7bf2fbd0-bdce-412e-a85f-7b7c6d9c7f8c,398dc3b2-8799-4421-8dce-6a2fb11e2420,2023-08-10 01:16:04.952158
ca4c4e30-d00f-4012-a830-f2132b68f7c8,c54134a2-d9ba-4873-9de4-94b56f0bf3c3,929d72fa-343e-4a86-bfd4-fb1723be1a38,2023-08-10 01:16:04.952158
501aa058-e0f2-4d7d-87ea-a82a4a31414b,c54134a2-d9ba-4873-9de4-94b56f0bf3c3,398dc3b2-8799-4421-8dce-6a2fb11e2420,2023-08-10 01:16:04.952158
51a6abae-8f2b-433a-9029-17ce98d541d7,fe9ba68b-588e-4e04-b8cb-249271602737,398dc3b2-8799-4421-8dce-6a2fb11e2420,2023-08-10 01:16:04.952158
d764f676-2898-4944-8765-7d2b57c6153c,fe9ba68b-588e-4e04-b8cb-249271602737,ce75caed-4d6c-4706-b131-e9f913d72991,2023-08-10 01:16:04.952158
24438d0e-72a0-4bc9-a220-a006112813de,392ff55c-827b-4d23-aac2-bf2bc555ad91,b7097956-2239-4c4e-ab18-d3588dd26929,2023-08-10 01:16:04.952158
52ced358-117d-4378-a5fe-1c21ec5e699d,392ff55c-827b-4d23-aac2-bf2bc555ad91,398dc3b2-8799-4421-8dce-6a2fb11e2420,2023-08-10 01:16:04.952158
c3d65e24-0b47-48aa-bf7a-ae9f1c549f9f,46c8782b-cebc-4844-a7b2-d07e1dee2326,398dc3b2-8799-4421-8dce-6a2fb11e2420,2023-08-10 01:16:04.952158
bf300a9a-2a89-4943-825b-e51ca23b6c76,663e72a6-a101-46b6-b80f-cac213731f32,f5cf15d2-966b-491f-bbb6-1cd042a04173,2023-08-10 01:16:04.952158
d2dfeb0e-f9fb-43c5-9e1c-e3cbf4fd1362,663e72a6-a101-46b6-b80f-cac213731f32,398dc3b2-8799-4421-8dce-6a2fb11e2420,2023-08-10 01:16:04.952158
1aa6fa89-8ab2-40f7-b8a5-9b4e74868d77,3aa987ef-da91-4ed3-932e-ea2fc15fbb5b,618d2a1d-f701-4de3-8a74-43fc5bda4486,2023-08-10 01:16:04.952158
5d7c079a-255f-4a4c-ad98-78b312d8d96f,7825a771-0aec-4dac-99af-c0deb5404729,0ee62e45-527b-4724-96eb-3b74227c8871,2023-08-10 01:16:04.952158
ff8eb0ca-8de4-4478-8140-b9d0c02eaa5f,27ab13f5-62af-44d1-b0c4-4ea5bc9cf5c9,354a9680-b280-436e-beef-92e02615bb27,2023-08-10 01:16:04.952158
1c68435d-e1b8-4cb3-9634-34bab6b717f2,27ab13f5-62af-44d1-b0c4-4ea5bc9cf5c9,ce75caed-4d6c-4706-b131-e9f913d72991,2023-08-10 01:16:04.952158
de441089-a07b-454c-a9ee-81889c14cb97,52d34c4f-63a0-491e-b498-ac8ffd6a51bc,a70cedc6-25d6-4b83-a8be-09ba1d3012ba,2023-08-10 01:16:04.952158
4828a673-2745-41c1-af59-66f9a402f152,03d2df4b-1017-4cd4-8a43-2a8d491c92f2,30b807dd-d2d1-4d25-afe4-3043114b14eb,2023-08-10 01:16:04.952158
732165df-dfdd-469b-9c05-1eb2c9c8dc9d,03d2df4b-1017-4cd4-8a43-2a8d491c92f2,9794bcc5-315a-4b83-85a9-a3210b3a0682,2023-08-10 01:16:04.952158
53d847f0-911e-4a19-a94b-1be4c3c1f300,c99ec993-a572-4d73-a2ce-d8cc91576052,0ee62e45-527b-4724-96eb-3b74227c8871,2023-08-10 01:16:04.952158
8bd31045-b91e-4046-aeee-8cec1b18c1b9,daffa484-e1b6-426d-a55b-70f11f821b79,e379aca7-2987-4cc6-8877-8f99d771e0d7,2023-08-10 01:16:04.952158
b33bbc8b-1924-4502-bee1-c5f28f15b576,4b80fe91-aba1-47d3-bb94-453aa80880be,a044aefa-4335-4109-a69d-22d609acec7d,2023-08-10 01:16:04.952158
d956d94d-2574-4a4c-bba1-b04fe541ddba,4b80fe91-aba1-47d3-bb94-453aa80880be,a15e0405-6852-4c76-ac1c-9ad9ea706404,2023-08-10 01:16:04.952158
3fde12da-dd14-43ab-97ac-bb5365509901,b42ac147-c5df-4b57-b800-40c76add9595,5b9b8eda-8b50-4771-9558-276255c9aeea,2023-08-10 01:16:04.952158
457158c2-3cac-41ed-812b-b7c61ca84868,887f260d-3625-4efe-ab93-fa332d102c3f,a70cedc6-25d6-4b83-a8be-09ba1d3012ba,2023-08-10 01:16:04.952158
9f9e67b7-d3da-4b65-9df5-20f8d0140937,14acebea-06ec-4c9c-b078-997e1c94bf9a,a70cedc6-25d6-4b83-a8be-09ba1d3012ba,2023-08-10 01:16:04.952158
5299e9ec-f288-44b8-8ffa-2afe9a20cbde,14acebea-06ec-4c9c-b078-997e1c94bf9a,9794bcc5-315a-4b83-85a9-a3210b3a0682,2023-08-10 01:16:04.952158
2d112344-5541-4898-85f1-cef25938616d,2b462c9e-c718-430b-a5b8-5b625e1632fb,1eb55e9d-12e1-4626-8dd3-8547c246684e,2023-08-10 01:16:04.952158
be0b83c7-2fb8-4fb2-9890-022a113fe62f,43bc6dfd-91e0-42f1-8dd8-86bc0e927343,78e2b1d9-b192-401f-adef-4b7db6c72d01,2023-08-10 01:16:04.952158
7fe3fd74-7e69-482d-a385-cf3ef0b0105f,fa49dcd3-aa79-4a33-8567-c0510bceb038,a15e0405-6852-4c76-ac1c-9ad9ea706404,2023-08-10 01:16:04.952158
5c944437-6aa4-4cd6-8e11-45cd915de11e,b3e2075f-fc7a-468c-bae5-7c9ee4242374,8931c70a-0607-4aea-9bde-bd30aba12329,2023-08-10 01:16:04.952158
25756f4c-f3c6-49c8-8db4-aacacea97722,b3e2075f-fc7a-468c-bae5-7c9ee4242374,9794bcc5-315a-4b83-85a9-a3210b3a0682,2023-08-10 01:16:04.952158
1b21fb77-f986-4f66-893c-b26e3407d67e,3fc879c6-52d7-4c4a-a5b6-f242ba8991b2,0fc46a54-cd02-43fe-8f6c-23bd648eac18,2023-08-10 01:16:04.952158
9394f239-e236-4f41-a801-270628ce2e70,d323daad-08a5-4521-a684-40152bce8d23,ce75caed-4d6c-4706-b131-e9f913d72991,2023-08-10 01:16:04.952158
340901ba-65f4-4cbc-b12c-1dae73ebdff4,8a79dae5-52b3-41e8-abe1-edfafd042c07,a15e0405-6852-4c76-ac1c-9ad9ea706404,2023-08-10 01:16:04.952158
4f76ee27-8c3b-49fd-9be8-5c146d47fe50,3374042d-7992-4f3a-935f-cbb21641c954,a70cedc6-25d6-4b83-a8be-09ba1d3012ba,2023-08-10 01:16:04.952158
7d0d4afe-9039-46ca-9f43-cb1e906410c5,d2450c74-5f40-4801-a134-52cb82ed3da2,a70cedc6-25d6-4b83-a8be-09ba1d3012ba,2023-08-10 01:16:04.952158
76422c02-d12b-43cc-82c4-67f19cadaf51,05739390-1779-498c-b40a-1e3bdeccda67,a70cedc6-25d6-4b83-a8be-09ba1d3012ba,2023-08-10 01:16:04.952158
57876b26-8ffb-4c5b-b5b7-57e193b0dd5f,c16bbf12-c2da-4be0-868d-91fa8bd8dba2,a70cedc6-25d6-4b83-a8be-09ba1d3012ba,2023-08-10 01:16:04.952158
a5c38d58-d103-42b0-9210-0fa4621abf9e,5aa8b355-5242-4507-b233-c7305fec1f0f,0ee62e45-527b-4724-96eb-3b74227c8871,2023-08-10 01:16:04.952158
93f0dee8-1218-4df6-8fd4-39dab373c49a,168ce270-c21c-440d-b9d2-efccc01213ec,b31ca599-dd82-43a0-8795-711fad8551fa,2023-08-10 01:16:04.952158
59a94fb9-c338-4d22-85f3-4ccd06a8185b,168ce270-c21c-440d-b9d2-efccc01213ec,cb304685-159a-42db-beca-b09e68d09fe0,2023-08-10 01:16:04.952158
dd981797-e687-49b3-af2e-3cd2dea57fb5,c986c2e0-8d8d-45a3-8922-ed425703d4df,b31ca599-dd82-43a0-8795-711fad8551fa,2023-08-10 01:16:04.952158
2cb72fde-ef5c-4d5a-b8f5-ff271b15eb5b,c986c2e0-8d8d-45a3-8922-ed425703d4df,cb304685-159a-42db-beca-b09e68d09fe0,2023-08-10 01:16:04.952158
671a76a7-2a5f-4424-8c37-582d6be7ac1e,521b07e1-4804-45a9-89dc-8b25bef9f98c,b31ca599-dd82-43a0-8795-711fad8551fa,2023-08-10 01:16:04.952158
d98dff04-9b91-4141-9921-7cb236db9871,5535dad7-3d6f-4615-81c2-5a6860ab2278,b31ca599-dd82-43a0-8795-711fad8551fa,2023-08-10 01:16:04.952158
f7360808-f855-4581-ba0f-7b7b8a014852,6ed528b3-354b-4bc0-b4bb-f2cba18f84dc,43c3cff2-c1ef-45d6-8ce4-0431da4bcd4b,2023-08-10 01:16:04.952158
2790c3c4-ceaa-45ad-88c8-15fa8e0c5e71,d745c2ee-7fd5-4f1c-bfaf-865d0fd7ad93,43c3cff2-c1ef-45d6-8ce4-0431da4bcd4b,2023-08-10 01:16:04.952158
d3e5ae56-ff47-4d0a-9c80-7c4f5065b4f3,9ea9e7e0-cdcc-4f5b-b5c2-74e65859b2d8,cb304685-159a-42db-beca-b09e68d09fe0,2023-08-10 01:16:04.952158
739e3158-c853-4420-9f51-40a17cc14607,9ea9e7e0-cdcc-4f5b-b5c2-74e65859b2d8,0abcff45-d8db-4d7c-9530-44afc4a9f721,2023-08-10 01:16:04.952158
cfdb9d0e-1294-46b4-870a-c69643cac50e,2475f8ec-23d0-4dd1-913c-48048fb5b008,1eb55e9d-12e1-4626-8dd3-8547c246684e,2023-08-10 01:16:04.952158
5b335cec-c7bb-41e0-a6bd-5af954c98719,f8cb810a-f314-4871-b667-65b1bfa5c1c0,0abcff45-d8db-4d7c-9530-44afc4a9f721,2023-08-10 01:16:04.952158
c260387a-4990-4ba6-994a-a4c79ac0d189,8af475c0-e092-4d2a-982f-5d407db72282,0abcff45-d8db-4d7c-9530-44afc4a9f721,2023-08-10 01:16:04.952158
3b366f38-a6ed-42d9-a442-649785903801,2bf57008-ad2f-4542-983d-1b6447949c55,0abcff45-d8db-4d7c-9530-44afc4a9f721,2023-08-10 01:16:04.952158
ccb718ff-7ce4-4f9d-8b80-714e57be53f0,223a7051-d731-4973-8a26-c2d5bcfcd477,0be59bf4-7b69-4cd8-985f-0e0c559244d6,2023-08-10 01:16:09.739815
ae172b39-1c92-4425-a353-a1744b5cef17,223a7051-d731-4973-8a26-c2d5bcfcd477,f2f1de6c-5697-4c7f-b5b6-70a288bb9752,2023-08-10 01:16:09.739815
ca47c5ce-478a-44bb-9509-c60b40e92b86,14ad9004-eb1f-4c33-8082-cf44f712013e,f2f1de6c-5697-4c7f-b5b6-70a288bb9752,2023-08-10 01:16:09.739815
eb5c0705-09de-4e93-8325-fe5de6a3f356,c37a6eb2-b899-48ff-9145-87155316f93c,0be59bf4-7b69-4cd8-985f-0e0c559244d6,2023-08-10 01:16:09.739815
5aa77ee1-0f03-4adc-a602-480d8e4250b8,c37a6eb2-b899-48ff-9145-87155316f93c,f2f1de6c-5697-4c7f-b5b6-70a288bb9752,2023-08-10 01:16:09.739815
8b49762a-4876-4a03-ad3a-52bdbf100b87,7bf73efd-0020-4498-9394-05a6fad66ccd,ffc88920-2ca3-470c-b949-9f48ca0697bd,2023-08-10 01:16:09.739815
3b9674c2-1232-4d4a-85f3-72d6d1ccbfb5,2161ff22-043b-4cd8-b3eb-350aa1118af4,3002c96f-dd41-41e5-89f7-ab0edeb4fe96,2023-08-10 01:16:09.739815
bdc87f01-8939-4ac4-afef-3f682023e471,fd6dbd74-fc2c-4cf6-b959-c279fc0f164e,3002c96f-dd41-41e5-89f7-ab0edeb4fe96,2023-08-10 01:16:09.739815
07d9ea35-3f0c-4bfa-9ac2-ba2a8376f1ff,5e9eae48-9e84-40fc-bebf-b74e8e146d4c,89715bac-a877-4c17-8ff3-b996ef4a40f6,2023-08-10 01:16:09.739815
a0d44189-09f4-432a-97d7-a18114d76c8f,5e9eae48-9e84-40fc-bebf-b74e8e146d4c,5da3f81f-d74b-47b6-a171-9d64b39570b9,2023-08-10 01:16:09.739815
f02c78e1-973c-45e5-869c-a279265aace1,5e9eae48-9e84-40fc-bebf-b74e8e146d4c,3002c96f-dd41-41e5-89f7-ab0edeb4fe96,2023-08-10 01:16:09.739815
16feed3a-03d7-4083-a2a3-bd4322c725c6,5e9eae48-9e84-40fc-bebf-b74e8e146d4c,01800025-3d51-4808-a205-6c663aebb096,2023-08-10 01:16:09.739815
1431232f-1f09-40f8-8e9d-51a312bfbb6e,243a39d2-5460-4678-9eb0-8152629ee1cd,89715bac-a877-4c17-8ff3-b996ef4a40f6,2023-08-10 01:16:09.739815
fee62291-4b5b-44e0-a524-71391e537719,243a39d2-5460-4678-9eb0-8152629ee1cd,5da3f81f-d74b-47b6-a171-9d64b39570b9,2023-08-10 01:16:09.739815
9312a540-f645-45ae-8aff-33b1510df9d1,243a39d2-5460-4678-9eb0-8152629ee1cd,3002c96f-dd41-41e5-89f7-ab0edeb4fe96,2023-08-10 01:16:09.739815
45b9a1c4-6764-4d1b-a048-763bf5f2c300,243a39d2-5460-4678-9eb0-8152629ee1cd,409cbf47-617d-4c9e-8e1e-946c1d9d0009,2023-08-10 01:16:09.739815
3f7aea2b-934d-4a15-990e-c7f2da8001cf,243a39d2-5460-4678-9eb0-8152629ee1cd,01800025-3d51-4808-a205-6c663aebb096,2023-08-10 01:16:09.739815
6b19ef96-a17c-4adf-8436-f55beb7cd9ca,5e891f06-cfc1-4f73-84f9-3fe7d1a791d9,ffc88920-2ca3-470c-b949-9f48ca0697bd,2023-08-10 01:16:09.739815
06f2c84f-6b9b-4230-9363-8322dcd203f6,15ea7f60-fc1b-40b2-809d-215f1763c937,a6279bb7-8d35-4d24-89b8-5c72b48502cb,2023-08-10 01:16:09.739815
ad2a2037-9c89-4c23-8f4e-6ade4bafd389,15ea7f60-fc1b-40b2-809d-215f1763c937,86b1bdb5-57aa-4d00-8249-2fe6a3ec4099,2023-08-10 01:16:09.739815
949d4fe4-0dd4-4664-99ce-b547ae3c0c98,ef726f21-1cd0-4509-8e47-9bbafa727b82,a6279bb7-8d35-4d24-89b8-5c72b48502cb,2023-08-10 01:16:09.739815
fe264887-094a-4466-9744-5ce3a6d9e86e,ef726f21-1cd0-4509-8e47-9bbafa727b82,86b1bdb5-57aa-4d00-8249-2fe6a3ec4099,2023-08-10 01:16:09.739815
a9caec66-53a4-4a63-8977-a9c914f2a7f0,ef726f21-1cd0-4509-8e47-9bbafa727b82,6453aa68-44c1-4e49-be79-1b7d94e7f661,2023-08-10 01:16:09.739815
118c6a46-4412-4483-8daa-62845ab90aed,ef726f21-1cd0-4509-8e47-9bbafa727b82,dec8c8a6-c15c-4238-9a11-a46816317076,2023-08-10 01:16:09.739815
ee384059-11cc-42fc-9bfe-b1f47eabcc0d,a0605c42-f0b4-4ac4-a5ea-e17302816528,86b1bdb5-57aa-4d00-8249-2fe6a3ec4099,2023-08-10 01:16:09.739815
c0e37971-62d5-4833-a37b-e0782698777d,a0605c42-f0b4-4ac4-a5ea-e17302816528,6453aa68-44c1-4e49-be79-1b7d94e7f661,2023-08-10 01:16:09.739815
0317ee78-365d-4c65-bff2-b6ff799dc68c,56bee871-a77d-4a74-b0e6-7ddfb55b7e5e,ffc88920-2ca3-470c-b949-9f48ca0697bd,2023-08-10 01:16:09.739815
872f940d-d905-4a5d-98bc-2e6443cd74df,110fe001-91e7-465d-8403-227404bb53b0,276b7f28-2422-4a40-9de4-59bfb66428f6,2023-08-10 01:16:09.739815
c57dcaa1-fbf3-44a6-ab22-b5df50f5c871,110fe001-91e7-465d-8403-227404bb53b0,ffc88920-2ca3-470c-b949-9f48ca0697bd,2023-08-10 01:16:09.739815
a4972c66-9df8-41f9-b44f-47ee6bbd02b8,8540c58b-4efc-42a9-a913-6d1506b116ba,b2992213-2bd4-43fd-9ea1-bece51fc9b93,2023-08-10 01:16:09.739815
3e29aa8f-589a-45b3-b1bc-414c11ceb1e1,8540c58b-4efc-42a9-a913-6d1506b116ba,febabf6a-937b-47d3-b5c9-0fe09911dc9d,2023-08-10 01:16:09.739815
bcc9d4bf-dfc5-4f45-b930-7f5edcfd3059,5865e15b-670a-4945-823c-5b9d03de28df,a6279bb7-8d35-4d24-89b8-5c72b48502cb,2023-08-10 01:16:09.739815
70f284db-62c0-4989-984d-362b88ebee47,5865e15b-670a-4945-823c-5b9d03de28df,dec8c8a6-c15c-4238-9a11-a46816317076,2023-08-10 01:16:09.739815
4b237815-f436-419c-8d22-6636e4c2369c,5865e15b-670a-4945-823c-5b9d03de28df,46b7af9f-f7e1-4944-a872-a94643fe89eb,2023-08-10 01:16:09.739815
6523f142-0fed-4f4c-a1a6-a9d740ab5501,ec3446cb-138a-479d-9cf4-a4391eb96852,b2992213-2bd4-43fd-9ea1-bece51fc9b93,2023-08-10 01:16:09.739815
acdf2711-494c-4fcb-a660-96b6a0658903,ec3446cb-138a-479d-9cf4-a4391eb96852,febabf6a-937b-47d3-b5c9-0fe09911dc9d,2023-08-10 01:16:09.739815
0d48fa4c-6353-4a40-8a6b-da35a64fd93f,ec3446cb-138a-479d-9cf4-a4391eb96852,46b7af9f-f7e1-4944-a872-a94643fe89eb,2023-08-10 01:16:09.739815
9fda7f9e-177f-40d7-9c84-20f98a62ed01,ec3446cb-138a-479d-9cf4-a4391eb96852,8edcbe62-9937-4f14-bc8a-611d764bb829,2023-08-10 01:16:09.739815
a98d448b-a32f-4714-9f6a-265086577406,0cbdd21f-c8dd-4f93-a818-7ca529eb58db,86b1bdb5-57aa-4d00-8249-2fe6a3ec4099,2023-08-10 01:16:09.739815
80a6d211-6411-4acd-9811-0d43cbd19321,07f7480d-3663-40fc-9f74-34eb842643ee,febabf6a-937b-47d3-b5c9-0fe09911dc9d,2023-08-10 01:16:09.739815
5b88eece-97f4-4336-ad6f-63d5034379d2,07f7480d-3663-40fc-9f74-34eb842643ee,46b7af9f-f7e1-4944-a872-a94643fe89eb,2023-08-10 01:16:09.739815
cfc95b6c-fad4-4d72-af3d-371a33aa1c30,a8dcc119-94d6-4b57-aa05-2c5a6f726722,ba7e15fd-e2a3-4469-b3ce-34d42fa6d32e,2023-08-10 01:16:09.739815
19e012f7-1669-4359-b97a-86dd7b726fff,a8dcc119-94d6-4b57-aa05-2c5a6f726722,1a5fea58-050b-4349-8f73-a7ef88905d31,2023-08-10 01:16:09.739815
9ac655c0-5f17-4196-bcdf-4f17a1c3245f,83f880a3-599f-4a3d-936e-653a9495c626,46b7af9f-f7e1-4944-a872-a94643fe89eb,2023-08-10 01:16:09.739815
494e5d4c-0cf6-4681-a265-88bae0593f4f,16c15873-1202-4263-bf85-3412145b065d,0d888adc-2aa6-4e05-a454-e125acd600f2,2023-08-10 01:16:09.739815
7876e58c-cbf0-40c4-8484-da3f1d34ecba,16c15873-1202-4263-bf85-3412145b065d,c9c0e5d8-8083-46e0-b208-abd930af5111,2023-08-10 01:16:09.739815
8ba2a1b4-75c0-47e4-b934-6cea42c62a02,0a310982-7b7c-4ef7-ac12-0b94f90c72e2,1a5fea58-050b-4349-8f73-a7ef88905d31,2023-08-10 01:16:09.739815
314b048d-b708-4175-ab2f-6f88b283c333,28aba081-f391-41f9-b624-53b0ec9f9231,c9c0e5d8-8083-46e0-b208-abd930af5111,2023-08-10 01:16:09.739815
40dfcd60-efdc-47d2-a715-b328a24b7742,2565eadf-3c16-48de-b633-9642312f129e,a78a0683-af6a-466f-abfc-1d1550e88a13,2023-08-10 01:16:09.739815
62cd2c6a-1e50-4592-a204-b17f962aca65,6b19c59a-d9b7-4395-97a3-a5b0bb975d53,ef34c7c4-054e-491e-85af-6f62e81217de,2023-08-10 01:16:09.739815
449789d6-b81d-41d8-8f12-96e825b02671,6b19c59a-d9b7-4395-97a3-a5b0bb975d53,0d888adc-2aa6-4e05-a454-e125acd600f2,2023-08-10 01:16:09.739815
526eed18-0a16-4077-bda1-94a3860fd7fc,6b19c59a-d9b7-4395-97a3-a5b0bb975d53,07887d1e-7c60-49d8-b6b3-7f48820b2f09,2023-08-10 01:16:09.739815
d504e2e7-466a-4ab0-aaa6-015c79b4f53b,c4892677-bf02-481d-9388-f0c135e547a3,07887d1e-7c60-49d8-b6b3-7f48820b2f09,2023-08-10 01:16:09.739815
c3184644-8cc8-43db-a3db-2fd6cdbe6251,c4892677-bf02-481d-9388-f0c135e547a3,25b52bce-e921-459b-87f8-418140ea597b,2023-08-10 01:16:09.739815
bcfeb4ec-63ec-4840-a72c-3d9d45169892,e72ae111-b929-40fc-9dfc-9de6355e7341,19a2fc89-5200-4655-9eb4-357c5977a2de,2023-08-10 01:16:09.739815
e00652fb-2661-4c75-9070-77fd3d14ee1f,c51f8b8d-8a8a-4387-af33-c2772b78af2f,034051b4-6c1d-4048-9b59-e5897878e6ac,2023-08-10 01:16:09.739815
b704b251-b6f3-47b3-82aa-a3b7194faaf9,c8b88346-fc53-401d-955c-c37d2519a564,70f1f504-ab77-463b-a13c-fc540d68c237,2023-08-10 01:16:09.739815
f3bec4b4-38f2-454e-8b7f-855fab8ce8d1,087bbb91-5962-4f3f-82c8-e5fcde37157e,c9c0e5d8-8083-46e0-b208-abd930af5111,2023-08-10 01:16:09.739815
2103b09a-0837-4a1a-967b-48f303431535,a4cc468a-0217-42ed-9b3c-5c2bdc64f6df,07887d1e-7c60-49d8-b6b3-7f48820b2f09,2023-08-10 01:16:09.739815
67c30889-e550-47cc-8df9-3f65473da8e6,a4cc468a-0217-42ed-9b3c-5c2bdc64f6df,cba82c2b-defd-4a74-8939-f78c60244f2e,2023-08-10 01:16:09.739815
18d0576a-5075-4592-b25c-9f2ad3c837e8,70142258-ef97-444a-b41b-075363315e0f,27668000-4535-4d8f-9821-2814224cb1c8,2023-08-10 01:16:09.739815
e76ac386-d3a7-4a53-ad56-c7ae04867371,70142258-ef97-444a-b41b-075363315e0f,6a442a28-3c1d-46c6-af4e-3486d9ecb9c2,2023-08-10 01:16:09.739815
5ef49e49-e722-453b-8cf7-adcf8ed29924,32069956-113d-49b0-a825-d91a6c38a7f0,34c08cd0-e9c6-4c71-bdd7-68b1dda4a3f6,2023-08-10 01:16:09.739815
a59edd78-28fc-4d9e-b27b-71ececeeb11f,32069956-113d-49b0-a825-d91a6c38a7f0,33add2c0-92b5-42b9-a924-2b8b59408f10,2023-08-10 01:16:09.739815
e2d75a59-4e2d-4d75-95c0-be11a3d1cf2f,6b3deab0-d69f-4b3c-a568-5f4004ac7296,165ced84-7377-4e72-a8ea-3877e62cdac8,2023-08-10 01:16:09.739815
8ddd22ef-7645-4c13-b7f9-beb89f301e0f,ef654528-7750-4f0f-bf31-250afcdc110c,89715bac-a877-4c17-8ff3-b996ef4a40f6,2023-08-10 01:16:09.739815
db42c0df-b005-429d-b7af-eaec90419fc5,ef654528-7750-4f0f-bf31-250afcdc110c,5da3f81f-d74b-47b6-a171-9d64b39570b9,2023-08-10 01:16:09.739815
be8af2be-69ea-4f01-8ebe-3881c9fd0ae4,ef654528-7750-4f0f-bf31-250afcdc110c,6453aa68-44c1-4e49-be79-1b7d94e7f661,2023-08-10 01:16:09.739815
8f03e34b-caeb-4e25-a40e-f51f429fd902,ef654528-7750-4f0f-bf31-250afcdc110c,dec8c8a6-c15c-4238-9a11-a46816317076,2023-08-10 01:16:09.739815
2c825918-b670-4d40-950f-6e5a66db44db,a1c35573-a8d8-4b88-ae13-d479a8b86a62,89715bac-a877-4c17-8ff3-b996ef4a40f6,2023-08-10 01:16:09.739815
dbd6b8d4-674d-4167-8fa6-fded68da55c1,a1c35573-a8d8-4b88-ae13-d479a8b86a62,5da3f81f-d74b-47b6-a171-9d64b39570b9,2023-08-10 01:16:09.739815
539c5042-2d6c-432b-94bc-d780cd223f4b,a1c35573-a8d8-4b88-ae13-d479a8b86a62,ef34c7c4-054e-491e-85af-6f62e81217de,2023-08-10 01:16:09.739815
b125c8b9-021d-4959-9f75-69da4f2ddd25,a1c35573-a8d8-4b88-ae13-d479a8b86a62,ba7e15fd-e2a3-4469-b3ce-34d42fa6d32e,2023-08-10 01:16:09.739815
2cf74af1-ca43-4265-9b09-81ff7822646a,1a12dbd2-90b4-4f0b-9031-e8f1acc37c22,ffc88920-2ca3-470c-b949-9f48ca0697bd,2023-08-10 01:16:09.739815
64096fc7-dce5-4a24-9052-815ecea2156a,1a12dbd2-90b4-4f0b-9031-e8f1acc37c22,c61a25fb-0a14-403e-984e-13be8054b39f,2023-08-10 01:16:09.739815
037f51de-7ffa-474d-970b-44c95b3023d8,903e2a12-305e-48d3-91a1-4a84be0af674,1a5fea58-050b-4349-8f73-a7ef88905d31,2023-08-10 01:16:09.739815
f4ff9e29-64bd-4977-95c2-da2585e8e8ce,259ec3e3-a00b-43cf-ab28-e3028644ace6,c9c0e5d8-8083-46e0-b208-abd930af5111,2023-08-10 01:16:09.739815
13f8889f-4b9d-463c-b4c9-fe910833e928,9df73cbc-4ee2-4d30-817e-f2097b620556,0d888adc-2aa6-4e05-a454-e125acd600f2,2023-08-10 01:16:09.739815
7453dcdb-ef9f-447c-b431-876242a04928,9df73cbc-4ee2-4d30-817e-f2097b620556,c9c0e5d8-8083-46e0-b208-abd930af5111,2023-08-10 01:16:09.739815
8b052afd-c9d6-4699-ac66-b6c0ac98fec3,13491593-cc73-4aa9-ae7e-8e8615b50e30,0d888adc-2aa6-4e05-a454-e125acd600f2,2023-08-10 01:16:09.739815
90313e50-37df-489f-863f-ceb15d1c7c96,13491593-cc73-4aa9-ae7e-8e8615b50e30,c9c0e5d8-8083-46e0-b208-abd930af5111,2023-08-10 01:16:09.739815
65f0bf65-e688-41b2-908d-b95215557e4b,5c2a55f7-f802-4217-be77-3c83e930631c,1a5fea58-050b-4349-8f73-a7ef88905d31,2023-08-10 01:16:09.739815
2d3be4a3-dbea-4764-aafe-c893d6e4ffc0,174bb144-79b5-41fa-8483-8eaf4e00c2e7,1a5fea58-050b-4349-8f73-a7ef88905d31,2023-08-10 01:16:09.739815
a2de3ef7-fbaf-48ac-b16b-c5bf57ce5d2f,ba68aaa8-324b-45e1-bb3b-58f56ff616b5,0d888adc-2aa6-4e05-a454-e125acd600f2,2023-08-10 01:16:09.739815
6f076cc2-d673-49a0-8432-c3c4a6d69294,97f56b5c-fba8-4889-9148-310daff7ba9d,0d888adc-2aa6-4e05-a454-e125acd600f2,2023-08-10 01:16:09.739815
e818e9fe-d049-4592-acc9-7945194c2ed4,919ad588-8cc8-43d2-b247-485f819f1c5f,1a5fea58-050b-4349-8f73-a7ef88905d31,2023-08-10 01:16:09.739815
af52f276-37fd-428d-86da-4af3ef289b76,4a3c1bf1-6f75-4f00-b054-58cda7f22184,1a5fea58-050b-4349-8f73-a7ef88905d31,2023-08-10 01:16:09.739815
65c4358d-91a4-4308-90ab-80439cbe7461,555ed78c-ce3e-4ffd-b0d6-ecdc883338d2,1a5fea58-050b-4349-8f73-a7ef88905d31,2023-08-10 01:16:09.739815
dd21c785-e8bf-4c89-bcab-b9827fdab2a7,479cee9b-fb9b-4943-9ca6-0be75122162f,c9c0e5d8-8083-46e0-b208-abd930af5111,2023-08-10 01:16:09.739815
791e343b-c0d3-48f1-96d9-afe713c2199d,d84f6564-f3f1-4ce6-b86c-4f955f6c561f,c9c0e5d8-8083-46e0-b208-abd930af5111,2023-08-10 01:16:09.739815
cff515a6-d84d-4c6f-ac1f-bbb0ebd77e4a,27c8287c-87dc-46b2-b66a-1ea07979dd9d,c61a25fb-0a14-403e-984e-13be8054b39f,2023-08-10 01:16:09.739815
3417dcbe-5093-48ca-aea5-ebbaad7cecb3,3349f4d3-7659-4106-b8bd-e6e3f77948b3,c9c0e5d8-8083-46e0-b208-abd930af5111,2023-08-10 01:16:09.739815
73cb5e93-7df5-4e01-a104-11f14325f8d5,784b7d1a-47a6-416b-84db-e364615e6b49,1a5fea58-050b-4349-8f73-a7ef88905d31,2023-08-10 01:16:09.739815
0bf444fc-480e-4b94-aeef-84b81932da0c,2a67f4bc-9200-412c-b7aa-15c2b3fbad39,c9c0e5d8-8083-46e0-b208-abd930af5111,2023-08-10 01:16:09.739815
bac64ce9-fad5-4bb2-bfcb-9212df3eef34,900d2130-4f42-4c5b-b3b2-35e1bd12d0f7,c9c0e5d8-8083-46e0-b208-abd930af5111,2023-08-10 01:16:09.739815
979c5bff-bd35-4be5-83dc-28a17d601d83,f21be258-35f3-4d16-88d6-e427de7be070,c61a25fb-0a14-403e-984e-13be8054b39f,2023-08-10 01:16:09.739815
6f5e6b7a-835f-486f-b3cd-de59d99cc32d,f3f61527-7652-40a4-abf0-3a2f98b0b789,1a5fea58-050b-4349-8f73-a7ef88905d31,2023-08-10 01:16:09.739815
812f9362-7b1a-43c6-b0dc-e34ec55d6323,4eb3ac38-dc5b-41df-9c7e-f3451f69480b,1a5fea58-050b-4349-8f73-a7ef88905d31,2023-08-10 01:16:09.739815
9ee2866d-d49e-4801-8746-87ddbba1ac76,cb1635e4-3b2b-42c3-8544-84da41341785,1a5fea58-050b-4349-8f73-a7ef88905d31,2023-08-10 01:16:09.739815
609f317f-0453-40e9-abee-b49edb33fd4d,364747b0-d758-45e1-8eec-602827a2dc47,1a5fea58-050b-4349-8f73-a7ef88905d31,2023-08-10 01:16:09.739815
e24a895e-4141-41f4-b571-c84d30b5e31e,37805daa-1823-4b2d-a8da-d57fabcfa213,0d888adc-2aa6-4e05-a454-e125acd600f2,2023-08-10 01:16:09.739815
957cdd27-fd2f-4fd6-b6fc-5fe24799d11c,37805daa-1823-4b2d-a8da-d57fabcfa213,c9c0e5d8-8083-46e0-b208-abd930af5111,2023-08-10 01:16:09.739815
83ffb1eb-075b-4d98-b8b7-e4817b83ae05,98fe4f07-7055-4281-b78c-95a44e5ab75f,0d888adc-2aa6-4e05-a454-e125acd600f2,2023-08-10 01:16:09.739815
81215637-0e13-477c-9ede-c0181691bfeb,98fe4f07-7055-4281-b78c-95a44e5ab75f,c9c0e5d8-8083-46e0-b208-abd930af5111,2023-08-10 01:16:09.739815
1ca85fd8-c7ae-4f52-8fdf-d5847bb26551,19b2f40c-e056-4605-b444-c854498f4905,0d888adc-2aa6-4e05-a454-e125acd600f2,2023-08-10 01:16:09.739815
3ec5a051-043f-41ef-a4fe-071b1c04d82e,41b98620-f8d4-4587-989d-a7e4ea2b0d82,0d888adc-2aa6-4e05-a454-e125acd600f2,2023-08-10 01:16:09.739815
